genelistrounded,grRatio,CL,Gene,Cell Line
6541,1,DU-145,SLC7A1,DU-145
6542,1,DU-145,SLC7A2,DU-145
84889,1,DU-145,SLC7A3,DU-145
53,1,DU-145,ACP2,DU-145
6822,1,DU-145,SULT2A1,DU-145
126129,1,DU-145,CPT1C,DU-145
1374,1,DU-145,CPT1A,DU-145
1375,1,DU-145,CPT1B,DU-145
6528,1,DU-145,SLC5A5,DU-145
124583,1,DU-145,CANT1,DU-145
64772,1,DU-145,ENGASE,DU-145
788,1,DU-145,SLC25A20,DU-145
4669,1,DU-145,NAGLU,DU-145
412,1,DU-145,STS,DU-145
9060,1,DU-145,PAPSS2,DU-145
9061,1,DU-145,PAPSS1,DU-145
4191,0.99501441,DU-145,MDH2,DU-145
1717,0,DU-145,DHCR7,DU-145
2180,1,DU-145,ACSL1,DU-145
1579,1,DU-145,CYP4A11,DU-145
23761,0,DU-145,PISD,DU-145
1431,1,DU-145,CS,DU-145
6785,1,DU-145,ELOVL4,DU-145
2799,1,DU-145,GNS,DU-145
218,1,DU-145,ALDH3A1,DU-145
220,1,DU-145,ALDH1A3,DU-145
221,1,DU-145,ALDH3B1,DU-145
222,1,DU-145,ALDH3B2,DU-145
10195,1,DU-145,ALG3,DU-145
1103,1,DU-145,CHAT,DU-145
6515,1,DU-145,SLC2A3,DU-145
3177,1,DU-145,SLC29A2,DU-145
8705,1,DU-145,B3GALT4,DU-145
13,1,DU-145,AADAC,DU-145
217,1,DU-145,ALDH2,DU-145
219,1,DU-145,ALDH1B1,DU-145
4329,0.971259641,DU-145,ALDH6A1,DU-145
5832,1,DU-145,ALDH18A1,DU-145
7915,1,DU-145,ALDH5A1,DU-145
8659,1,DU-145,ALDH4A1,DU-145
10201,1,DU-145,NME6,DU-145
29922,1,DU-145,NME7,DU-145
4830,1,DU-145,NME1,DU-145
4831,1,DU-145,NME2,DU-145
4832,1,DU-145,NME3,DU-145
6509,1,DU-145,SLC1A4,DU-145
6510,1,DU-145,SLC1A5,DU-145
8972,1,DU-145,MGAM,DU-145
10390,1,DU-145,CEPT1,DU-145
56994,1,DU-145,CHPT1,DU-145
10690,1,DU-145,FUT9,DU-145
4524,1,DU-145,MTHFR,DU-145
6554,1,DU-145,SLC10A1,DU-145
6555,1,DU-145,SLC10A2,DU-145
7299,1,DU-145,TYR,DU-145
23600,1,DU-145,AMACR,DU-145
51005,1,DU-145,AMDHD2,DU-145
8884,1,DU-145,SLC5A6,DU-145
5091,1,DU-145,PC,DU-145
3295,0,DU-145,HSD17B4,DU-145
23315,1,DU-145,SLC9A8,DU-145
84679,1,DU-145,SLC9A7,DU-145
2683,1,DU-145,B4GALT1,DU-145
8703,1,DU-145,B4GALT3,DU-145
8704,1,DU-145,B4GALT2,DU-145
9334,1,DU-145,B4GALT5,DU-145
51727,0,DU-145,CMPK1,DU-145
2805,0.989235174,DU-145,GOT1,DU-145
1384,1,DU-145,CRAT,DU-145
1591,1,DU-145,CYP24A1,DU-145
5130,1,DU-145,PCYT1A,DU-145
9468,1,DU-145,PCYT1B,DU-145
3073,1,DU-145,HEXA,DU-145
3074,1,DU-145,HEXB,DU-145
411,1,DU-145,ARSB,DU-145
2650,1,DU-145,GCNT1,DU-145
51301,1,DU-145,GCNT4,DU-145
9245,1,DU-145,GCNT3,DU-145
4942,0.996622698,DU-145,OAT,DU-145
1109,1,DU-145,AKR1C4,DU-145
54490,1,DU-145,UGT2B28,DU-145
54575,1,DU-145,UGT1A10,DU-145
54576,1,DU-145,UGT1A8,DU-145
7363,1,DU-145,UGT2B4,DU-145
6567,1,DU-145,SLC16A2,DU-145
2030,1,DU-145,SLC29A1,DU-145
56301,1,DU-145,SLC7A10,DU-145
6520,1,DU-145,SLC3A2,DU-145
189,1,DU-145,AGXT,DU-145
84649,1,DU-145,DGAT2,DU-145
8694,1,DU-145,DGAT1,DU-145
8611,1,DU-145,PLPP1,DU-145
8612,1,DU-145,PLPP2,DU-145
8613,1,DU-145,PLPP3,DU-145
11001,1,DU-145,SLC27A2,DU-145
7372,0,DU-145,UMPS,DU-145
10599,1,DU-145,SLCO1B1,DU-145
28234,1,DU-145,SLCO1B3,DU-145
6579,1,DU-145,SLCO1A2,DU-145
2356,1,DU-145,FPGS,DU-145
10797,1,DU-145,MTHFD2,DU-145
25902,1,DU-145,MTHFD1L,DU-145
22856,1,DU-145,CHSY1,DU-145
337876,1,DU-145,CHSY3,DU-145
55454,1,DU-145,CSGALNACT2,DU-145
55790,1,DU-145,CSGALNACT1,DU-145
79586,1,DU-145,CHPF,DU-145
23417,1,DU-145,MLYCD,DU-145
2194,0,DU-145,FASN,DU-145
130752,1,DU-145,MDH1B,DU-145
4190,1,DU-145,MDH1,DU-145
58510,0.997636395,DU-145,PRODH2,DU-145
686,1,DU-145,BTD,DU-145
10873,1,DU-145,ME3,DU-145
4200,1,DU-145,ME2,DU-145
5048,1,DU-145,PAFAH1B1,DU-145
5049,1,DU-145,PAFAH1B2,DU-145
5050,1,DU-145,PAFAH1B3,DU-145
5051,1,DU-145,PAFAH2,DU-145
10610,1,DU-145,ST6GALNAC2,DU-145
10331,1,DU-145,B3GNT3,DU-145
79901,1,DU-145,CYBRD1,DU-145
4126,1,DU-145,MANBA,DU-145
1645,1,DU-145,AKR1C1,DU-145
122481,1,DU-145,AK7,DU-145
203,1,DU-145,AK1,DU-145
26289,1,DU-145,AK5,DU-145
1892,1,DU-145,ECHS1,DU-145
3030,1,DU-145,HADHA,DU-145
3032,1,DU-145,HADHB,DU-145
29958,1,DU-145,DMGDH,DU-145
57379,1,DU-145,AICDA,DU-145
10090,1,DU-145,UST,DU-145
240,1,DU-145,ALOX5,DU-145
2990,1,DU-145,GUSB,DU-145
6570,1,DU-145,SLC18A1,DU-145
6571,1,DU-145,SLC18A2,DU-145
253430,1,DU-145,IPMK,DU-145
11254,1,DU-145,SLC6A14,DU-145
34,1,DU-145,ACADM,DU-145
35,1,DU-145,ACADS,DU-145
7498,1,DU-145,XDH,DU-145
31,1,DU-145,ACACA,DU-145
32,1,DU-145,ACACB,DU-145
3176,1,DU-145,HNMT,DU-145
9152,1,DU-145,SLC6A5,DU-145
1807,1,DU-145,DPYS,DU-145
1808,1,DU-145,DPYSL2,DU-145
1809,1,DU-145,DPYSL3,DU-145
56953,1,DU-145,NT5M,DU-145
316,1,DU-145,AOX1,DU-145
22978,1,DU-145,NT5C2,DU-145
3141,1,DU-145,HLCS,DU-145
60386,1,DU-145,SLC25A19,DU-145
9420,1,DU-145,CYP7B1,DU-145
7173,1,DU-145,TPO,DU-145
8897,1,DU-145,MTMR3,DU-145
51268,1,DU-145,PIPOX,DU-145
30,1,DU-145,ACAA1,DU-145
1757,1,DU-145,SARDH,DU-145
6526,1,DU-145,SLC5A3,DU-145
6783,1,DU-145,SULT1E1,DU-145
2588,1,DU-145,GALNS,DU-145
2720,1,DU-145,GLB1,DU-145
4758,1,DU-145,NEU1,DU-145
5476,1,DU-145,CTSA,DU-145
1376,1,DU-145,CPT2,DU-145
64078,1,DU-145,SLC28A3,DU-145
3156,0,DU-145,HMGCR,DU-145
5287,1,DU-145,PIK3C2B,DU-145
85365,1,DU-145,ALG2,DU-145
117283,1,DU-145,IP6K3,DU-145
51447,1,DU-145,IP6K2,DU-145
9807,1,DU-145,IP6K1,DU-145
1962,1,DU-145,EHHADH,DU-145
51,1,DU-145,ACOX1,DU-145
6535,1,DU-145,SLC6A8,DU-145
6537,1,DU-145,SLC6A10P,DU-145
8836,1,DU-145,GGH,DU-145
211,1,DU-145,ALAS1,DU-145
212,1,DU-145,ALAS2,DU-145
23464,1,DU-145,GCAT,DU-145
223,1,DU-145,ALDH9A1,DU-145
6723,1,DU-145,SRM,DU-145
125206,1,DU-145,SLC5A10,DU-145
159963,1,DU-145,SLC5A12,DU-145
200010,1,DU-145,SLC5A9,DU-145
6524,1,DU-145,SLC5A2,DU-145
6548,1,DU-145,SLC9A1,DU-145
6549,1,DU-145,SLC9A2,DU-145
6550,1,DU-145,SLC9A3,DU-145
10164,1,DU-145,CHST4,DU-145
23563,1,DU-145,CHST5,DU-145
4166,1,DU-145,CHST6,DU-145
9435,1,DU-145,CHST2,DU-145
1610,1,DU-145,DAO,DU-145
5226,1,DU-145,PGD,DU-145
4833,1,DU-145,NME4,DU-145
18,1,DU-145,ABAT,DU-145
9942,0.99987646,DU-145,XYLB,DU-145
124935,1,DU-145,SLC43A2,DU-145
8501,1,DU-145,SLC43A1,DU-145
2987,0,DU-145,GUK1,DU-145
11046,1,DU-145,SLC35D2,DU-145
23443,1,DU-145,SLC35A3,DU-145
84912,1,DU-145,SLC35B4,DU-145
19,1,DU-145,ABCA1,DU-145
6578,1,DU-145,SLCO2A1,DU-145
10087,1,DU-145,CERT1,DU-145
790,0,DU-145,CAD,DU-145
23556,1,DU-145,PIGN,DU-145
1588,1,DU-145,CYP19A1,DU-145
1571,1,DU-145,CYP2E1,DU-145
6583,1,DU-145,SLC22A4,DU-145
22928,1,DU-145,SEPHS2,DU-145
22929,1,DU-145,SEPHS1,DU-145
4953,1,DU-145,ODC1,DU-145
8566,1,DU-145,PDXK,DU-145
54480,1,DU-145,CHPF2,DU-145
9380,1,DU-145,GRHPR,DU-145
3612,1,DU-145,IMPA1,DU-145
3613,1,DU-145,IMPA2,DU-145
9415,1,DU-145,FADS2,DU-145
6566,0.992105883,DU-145,SLC16A1,DU-145
7355,1,DU-145,SLC35A2,DU-145
50814,0,DU-145,NSDHL,DU-145
9563,1,DU-145,H6PD,DU-145
4363,1,DU-145,ABCC1,DU-145
4860,1,DU-145,PNP,DU-145
3284,1,DU-145,HSD3B2,DU-145
3620,1,DU-145,IDO1,DU-145
10846,1,DU-145,PDE10A,DU-145
50940,1,DU-145,PDE11A,DU-145
5136,1,DU-145,PDE1A,DU-145
5137,1,DU-145,PDE1C,DU-145
5138,1,DU-145,PDE2A,DU-145
5139,1,DU-145,PDE3A,DU-145
5140,1,DU-145,PDE3B,DU-145
5145,1,DU-145,PDE6A,DU-145
5146,1,DU-145,PDE6C,DU-145
5147,1,DU-145,PDE6D,DU-145
5148,1,DU-145,PDE6G,DU-145
5149,1,DU-145,PDE6H,DU-145
5152,1,DU-145,PDE9A,DU-145
5153,1,DU-145,PDE1B,DU-145
5158,1,DU-145,PDE6B,DU-145
8654,1,DU-145,PDE5A,DU-145
160287,1,DU-145,LDHAL6A,DU-145
3939,1,DU-145,LDHA,DU-145
3945,1,DU-145,LDHB,DU-145
3948,1,DU-145,LDHC,DU-145
55293,1,DU-145,UEVLD,DU-145
92483,1,DU-145,LDHAL6B,DU-145
343,1,DU-145,AQP8,DU-145
113026,1,DU-145,PLCD3,DU-145
23007,1,DU-145,PLCH1,DU-145
23236,1,DU-145,PLCB1,DU-145
257068,1,DU-145,PLCXD2,DU-145
51196,1,DU-145,PLCE1,DU-145
5330,1,DU-145,PLCB2,DU-145
5331,1,DU-145,PLCB3,DU-145
5332,1,DU-145,PLCB4,DU-145
5333,1,DU-145,PLCD1,DU-145
5334,1,DU-145,PLCL1,DU-145
5335,1,DU-145,PLCG1,DU-145
5336,1,DU-145,PLCG2,DU-145
84812,1,DU-145,PLCD4,DU-145
89869,1,DU-145,PLCZ1,DU-145
9651,1,DU-145,PLCH2,DU-145
5281,1,DU-145,PIGF,DU-145
54872,1,DU-145,PIGG,DU-145
8034,0.993298664,DU-145,SLC25A16,DU-145
8525,1,DU-145,DGKZ,DU-145
9162,1,DU-145,DGKI,DU-145
1786,1,DU-145,DNMT1,DU-145
1787,1,DU-145,TRDMT1,DU-145
1788,1,DU-145,DNMT3A,DU-145
1789,1,DU-145,DNMT3B,DU-145
56548,1,DU-145,CHST7,DU-145
9469,1,DU-145,CHST3,DU-145
229,1,DU-145,ALDOB,DU-145
318,1,DU-145,NUDT2,DU-145
2944,1,DU-145,GSTM1,DU-145
55301,1,DU-145,OLAH,DU-145
4123,1,DU-145,MAN2C1,DU-145
7941,1,DU-145,PLA2G7,DU-145
84920,1,DU-145,ALG10,DU-145
6580,1,DU-145,SLC22A1,DU-145
6582,1,DU-145,SLC22A2,DU-145
8140,1,DU-145,SLC7A5,DU-145
9197,1,DU-145,SLC33A1,DU-145
10723,1,DU-145,SLC12A7,DU-145
6560,1,DU-145,SLC12A4,DU-145
9990,1,DU-145,SLC12A6,DU-145
23475,1,DU-145,QPRT,DU-145
206358,1,DU-145,SLC36A1,DU-145
1891,1,DU-145,ECH1,DU-145
28231,1,DU-145,SLCO4A1,DU-145
53919,1,DU-145,SLCO1C1,DU-145
1543,1,DU-145,CYP1A1,DU-145
1544,1,DU-145,CYP1A2,DU-145
1545,1,DU-145,CYP1B1,DU-145
1557,1,DU-145,CYP2C19,DU-145
6513,1,DU-145,SLC2A1,DU-145
6514,1,DU-145,SLC2A2,DU-145
6576,1,DU-145,SLC25A1,DU-145
1718,0,DU-145,DHCR24,DU-145
27124,1,DU-145,INPP5J,DU-145
3632,1,DU-145,INPP5A,DU-145
3633,1,DU-145,INPP5B,DU-145
3635,1,DU-145,INPP5D,DU-145
3636,1,DU-145,INPPL1,DU-145
56623,1,DU-145,INPP5E,DU-145
8867,1,DU-145,SYNJ1,DU-145
2806,1,DU-145,GOT2,DU-145
6898,1,DU-145,TAT,DU-145
7296,1,DU-145,TXNRD1,DU-145
8574,1,DU-145,AKR7A2,DU-145
3423,1,DU-145,IDS,DU-145
2184,0.989235174,DU-145,FAH,DU-145
2752,1,DU-145,GLUL,DU-145
51557,1,DU-145,LGSN,DU-145
1593,1,DU-145,CYP27A1,DU-145
7357,1,DU-145,UGCG,DU-145
151531,1,DU-145,UPP2,DU-145
7378,1,DU-145,UPP1,DU-145
15,1,DU-145,AANAT,DU-145
7083,1,DU-145,TK1,DU-145
7084,1,DU-145,TK2,DU-145
5959,1,DU-145,RDH5,DU-145
64802,1,DU-145,NMNAT1,DU-145
10861,1,DU-145,SLC26A1,DU-145
1811,1,DU-145,SLC26A3,DU-145
1836,1,DU-145,SLC26A2,DU-145
5337,1,DU-145,PLD1,DU-145
4247,1,DU-145,MGAT2,DU-145
10841,1,DU-145,FTCD,DU-145
112724,1,DU-145,RDH13,DU-145
145226,1,DU-145,RDH12,DU-145
195814,1,DU-145,SDR16C5,DU-145
51109,1,DU-145,RDH11,DU-145
57665,1,DU-145,RDH14,DU-145
10905,1,DU-145,MAN1A2,DU-145
4121,1,DU-145,MAN1A1,DU-145
57134,1,DU-145,MAN1C1,DU-145
1629,0.984661133,DU-145,DBT,DU-145
1738,0.770807607,DU-145,DLD,DU-145
593,0.984661133,DU-145,BCKDHA,DU-145
594,1,DU-145,BCKDHB,DU-145
6523,1,DU-145,SLC5A1,DU-145
6563,1,DU-145,SLC14A1,DU-145
8170,1,DU-145,SLC14A2,DU-145
366,1,DU-145,AQP9,DU-145
84720,1,DU-145,PIGO,DU-145
162466,1,DU-145,PHOSPHO1,DU-145
6470,1,DU-145,SHMT1,DU-145
84532,1,DU-145,ACSS1,DU-145
6888,0.999655286,DU-145,TALDO1,DU-145
2131,1,DU-145,EXT1,DU-145
2132,1,DU-145,EXT2,DU-145
2134,1,DU-145,EXTL1,DU-145
2137,1,DU-145,EXTL3,DU-145
129807,1,DU-145,NEU4,DU-145
4759,1,DU-145,NEU2,DU-145
55191,1,DU-145,NADSYN1,DU-145
549,0.995029775,DU-145,AUH,DU-145
55577,1,DU-145,NAGK,DU-145
6309,0,DU-145,SC5D,DU-145
3294,1,DU-145,HSD17B2,DU-145
54407,1,DU-145,SLC38A2,DU-145
81539,1,DU-145,SLC38A1,DU-145
55315,1,DU-145,SLC29A3,DU-145
7390,1,DU-145,UROS,DU-145
80055,1,DU-145,PGAP1,DU-145
80235,1,DU-145,PIGZ,DU-145
175,1,DU-145,AGA,DU-145
2571,1,DU-145,GAD1,DU-145
9453,1,DU-145,GGPS1,DU-145
60490,1,DU-145,PPCDC,DU-145
10400,1,DU-145,PEMT,DU-145
10554,1,DU-145,AGPAT1,DU-145
10555,1,DU-145,AGPAT2,DU-145
137964,1,DU-145,GPAT4,DU-145
55326,1,DU-145,AGPAT5,DU-145
56894,1,DU-145,AGPAT3,DU-145
56895,1,DU-145,AGPAT4,DU-145
3425,1,DU-145,IDUA,DU-145
9514,1,DU-145,GAL3ST1,DU-145
2628,1,DU-145,GATM,DU-145
57026,1,DU-145,PDXP,DU-145
5728,1,DU-145,PTEN,DU-145
5172,1,DU-145,SLC26A4,DU-145
4907,1,DU-145,NT5E,DU-145
3658,1,DU-145,IREB2,DU-145
48,1,DU-145,ACO1,DU-145
55650,1,DU-145,PIGV,DU-145
1468,1,DU-145,SLC25A10,DU-145
51179,1,DU-145,HAO2,DU-145
54363,1,DU-145,HAO1,DU-145
27235,1,DU-145,COQ2,DU-145
79087,1,DU-145,ALG12,DU-145
2523,1,DU-145,FUT1,DU-145
6581,1,DU-145,SLC22A3,DU-145
847,1,DU-145,CAT,DU-145
53947,1,DU-145,A4GALT,DU-145
10327,1,DU-145,AKR1A1,DU-145
231,1,DU-145,AKR1B1,DU-145
1716,1,DU-145,DGUOK,DU-145
50808,1,DU-145,AK3,DU-145
2544,1,DU-145,SLC37A4,DU-145
10965,1,DU-145,ACOT2,DU-145
953,1,DU-145,ENTPD1,DU-145
954,1,DU-145,ENTPD2,DU-145
955,1,DU-145,ENTPD6,DU-145
956,1,DU-145,ENTPD3,DU-145
957,1,DU-145,ENTPD5,DU-145
64841,1,DU-145,GNPNAT1,DU-145
55089,1,DU-145,SLC38A4,DU-145
28232,1,DU-145,SLCO3A1,DU-145
9488,1,DU-145,PIGB,DU-145
6715,1,DU-145,SRD5A1,DU-145
6716,1,DU-145,SRD5A2,DU-145
8443,1,DU-145,GNPAT,DU-145
226,1,DU-145,ALDOA,DU-145
230,1,DU-145,ALDOC,DU-145
6487,1,DU-145,ST3GAL3,DU-145
100,1,DU-145,ADA,DU-145
5372,1,DU-145,PMM1,DU-145
5373,1,DU-145,PMM2,DU-145
55276,1,DU-145,PGM2,DU-145
6529,1,DU-145,SLC6A1,DU-145
6538,1,DU-145,SLC6A11,DU-145
6539,1,DU-145,SLC6A12,DU-145
6540,1,DU-145,SLC6A13,DU-145
8309,1,DU-145,ACOX2,DU-145
3712,0.995029775,DU-145,IVD,DU-145
23483,1,DU-145,TGDS,DU-145
23057,1,DU-145,NMNAT2,DU-145
349565,1,DU-145,NMNAT3,DU-145
2548,1,DU-145,GAA,DU-145
11226,1,DU-145,GALNT6,DU-145
11227,1,DU-145,GALNT5,DU-145
114805,1,DU-145,GALNT13,DU-145
117248,1,DU-145,GALNT15,DU-145
2589,1,DU-145,GALNT1,DU-145
2590,1,DU-145,GALNT2,DU-145
2591,1,DU-145,GALNT3,DU-145
26290,1,DU-145,GALNT8,DU-145
50614,1,DU-145,GALNT9,DU-145
51809,1,DU-145,GALNT7,DU-145
55568,1,DU-145,GALNT10,DU-145
63917,1,DU-145,GALNT11,DU-145
79623,1,DU-145,GALNT14,DU-145
79695,1,DU-145,GALNT12,DU-145
8693,1,DU-145,GALNT4,DU-145
6505,1,DU-145,SLC1A1,DU-145
6506,1,DU-145,SLC1A2,DU-145
6507,1,DU-145,SLC1A3,DU-145
6511,1,DU-145,SLC1A6,DU-145
6512,1,DU-145,SLC1A7,DU-145
39,0.971538604,DU-145,ACAT2,DU-145
10678,1,DU-145,B3GNT2,DU-145
1036,1,DU-145,CDO1,DU-145
6476,1,DU-145,SI,DU-145
57282,1,DU-145,SLC4A10,DU-145
9498,1,DU-145,SLC4A8,DU-145
6448,1,DU-145,SGSH,DU-145
2542,1,DU-145,SLC37A4,DU-145
239,1,DU-145,ALOX12,DU-145
23396,1,DU-145,PIP5K1C,DU-145
8394,1,DU-145,PIP5K1A,DU-145
8395,1,DU-145,PIP5K1B,DU-145
5092,1,DU-145,PCBD1,DU-145
4597,0,DU-145,MVD,DU-145
26,1,DU-145,AOC1,DU-145
314,1,DU-145,AOC2,DU-145
8639,1,DU-145,AOC3,DU-145
3251,1,DU-145,HPRT1,DU-145
26873,1,DU-145,OPLAH,DU-145
2655,1,DU-145,GGCT,DU-145
6472,1,DU-145,SHMT2,DU-145
5834,1,DU-145,PYGB,DU-145
5836,1,DU-145,PYGL,DU-145
5837,1,DU-145,PYGM,DU-145
2181,1,DU-145,ACSL3,DU-145
978,1,DU-145,CDA,DU-145
2766,1,DU-145,GMPR,DU-145
51292,1,DU-145,GMPR2,DU-145
2135,1,DU-145,EXTL2,DU-145
8802,0.977680563,DU-145,SUCLG1,DU-145
8803,1,DU-145,SUCLA2,DU-145
11041,1,DU-145,B4GAT1,DU-145
284208,1,DU-145,B3GNTL1,DU-145
374907,1,DU-145,B3GNT8,DU-145
79369,1,DU-145,B3GNT4,DU-145
93010,1,DU-145,B3GNT7,DU-145
2651,1,DU-145,GCNT2,DU-145
65010,1,DU-145,SLC26A6,DU-145
1583,1,DU-145,CYP11A1,DU-145
291,1,DU-145,SLC25A4,DU-145
292,1,DU-145,SLC25A5,DU-145
293,1,DU-145,SLC25A6,DU-145
3158,0.999483447,DU-145,HMGCS2,DU-145
587,0.890626634,DU-145,BCAT2,DU-145
3242,0.989235174,DU-145,HPD,DU-145
3293,1,DU-145,HSD17B3,DU-145
216,1,DU-145,ALDH1A1,DU-145
224,1,DU-145,ALDH3A2,DU-145
501,1,DU-145,ALDH7A1,DU-145
8854,1,DU-145,ALDH1A2,DU-145
10317,1,DU-145,B3GALT5,DU-145
27306,1,DU-145,HPGDS,DU-145
5730,1,DU-145,PTGDS,DU-145
29920,1,DU-145,PYCR2,DU-145
65263,1,DU-145,PYCR3,DU-145
3283,1,DU-145,HSD3B1,DU-145
3028,0.994560572,DU-145,HSD17B10,DU-145
11164,1,DU-145,NUDT5,DU-145
3418,1,DU-145,IDH2,DU-145
8310,1,DU-145,ACOX3,DU-145
8228,1,DU-145,PNPLA4,DU-145
23539,1,DU-145,SLC16A8,DU-145
9123,1,DU-145,SLC16A3,DU-145
9194,1,DU-145,SLC16A7,DU-145
4507,1,DU-145,MTAP,DU-145
53354,1,DU-145,PANK1,DU-145
55229,1,DU-145,PANK4,DU-145
79646,1,DU-145,PANK3,DU-145
80025,1,DU-145,PANK2,DU-145
8647,1,DU-145,ABCB11,DU-145
8714,1,DU-145,ABCC3,DU-145
8869,1,DU-145,ST3GAL5,DU-145
51477,1,DU-145,ISYNA1,DU-145
7364,1,DU-145,UGT2B7,DU-145
7367,1,DU-145,UGT2B17,DU-145
5236,1,DU-145,PGM1,DU-145
2348,1,DU-145,FOLR1,DU-145
2351,1,DU-145,,DU-145
2352,1,DU-145,FOLR3,DU-145
29906,1,DU-145,ST8SIA5,DU-145
10588,1,DU-145,MTHFS,DU-145
5833,1,DU-145,PCYT2,DU-145
2593,1,DU-145,GAMT,DU-145
4128,1,DU-145,MAOA,DU-145
4129,1,DU-145,MAOB,DU-145
79178,1,DU-145,THTPA,DU-145
5297,1,DU-145,PI4KA,DU-145
5298,1,DU-145,PI4KB,DU-145
55361,1,DU-145,PI4K2A,DU-145
113235,1,DU-145,SLC46A1,DU-145
10768,1,DU-145,AHCYL1,DU-145
191,1,DU-145,AHCY,DU-145
140679,1,DU-145,SLC32A1,DU-145
2653,0.854368764,DU-145,GCSH,DU-145
2731,0.854368764,DU-145,GLDC,DU-145
275,0.854368764,DU-145,AMT,DU-145
55902,1,DU-145,ACSS2,DU-145
30833,1,DU-145,NT5C,DU-145
64850,1,DU-145,ETNPPL,DU-145
64902,1,DU-145,AGXT2,DU-145
266722,1,DU-145,HS6ST3,DU-145
90161,1,DU-145,HS6ST2,DU-145
9394,1,DU-145,HS6ST1,DU-145
1638,1,DU-145,DCT,DU-145
2821,0.975042881,DU-145,GPI,DU-145
112611,1,DU-145,RWDD2A,DU-145
97,1,DU-145,ACYP1,DU-145
98,1,DU-145,ACYP2,DU-145
27232,1,DU-145,GNMT,DU-145
1312,1,DU-145,COMT,DU-145
10396,1,DU-145,ATP8A1,DU-145
57194,1,DU-145,ATP10A,DU-145
5471,0,DU-145,PPAT,DU-145
1854,1,DU-145,DUT,DU-145
3340,1,DU-145,NDST1,DU-145
64579,1,DU-145,NDST4,DU-145
8509,1,DU-145,NDST2,DU-145
9348,1,DU-145,NDST3,DU-145
3795,1,DU-145,KHK,DU-145
124,1,DU-145,ADH1A,DU-145
125,1,DU-145,ADH1B,DU-145
126,1,DU-145,ADH1C,DU-145
127,1,DU-145,ADH4,DU-145
128,1,DU-145,ADH5,DU-145
130,1,DU-145,ADH6,DU-145
131,1,DU-145,ADH7,DU-145
137872,1,DU-145,ADHFE1,DU-145
284273,1,DU-145,ZADH2,DU-145
28,1,DU-145,ABO,DU-145
11182,1,DU-145,SLC2A6,DU-145
144195,1,DU-145,SLC2A14,DU-145
154091,1,DU-145,SLC2A12,DU-145
155184,1,DU-145,SLC2A7,DU-145
29988,1,DU-145,SLC2A8,DU-145
56606,1,DU-145,SLC2A9,DU-145
6517,1,DU-145,SLC2A4,DU-145
66035,1,DU-145,SLC2A11,DU-145
81031,1,DU-145,SLC2A10,DU-145
5264,1,DU-145,PHYH,DU-145
27034,1,DU-145,ACAD8,DU-145
113189,1,DU-145,CHST14,DU-145
166012,1,DU-145,CHST13,DU-145
50515,1,DU-145,CHST11,DU-145
55501,1,DU-145,CHST12,DU-145
10026,1,DU-145,PIGK,DU-145
128869,1,DU-145,PIGU,DU-145
51604,1,DU-145,PIGT,DU-145
8733,1,DU-145,GPAA1,DU-145
94005,1,DU-145,PIGS,DU-145
36,1,DU-145,ACADSB,DU-145
51146,1,DU-145,A4GNT,DU-145
3034,0.994213551,DU-145,HAL,DU-145
10229,1,DU-145,COQ7,DU-145
4668,1,DU-145,NAGA,DU-145
8942,0.994384692,DU-145,KYNU,DU-145
6799,1,DU-145,SULT1A2,DU-145
6817,1,DU-145,SULT1A1,DU-145
6818,1,DU-145,SULT1A3,DU-145
1644,1,DU-145,DDC,DU-145
3067,1,DU-145,HDC,DU-145
2618,1,DU-145,GART,DU-145
197258,1,DU-145,FCSK,DU-145
2235,1,DU-145,FECH,DU-145
23169,1,DU-145,SLC35D1,DU-145
4245,1,DU-145,MGAT1,DU-145
4842,1,DU-145,NOS1,DU-145
4843,1,DU-145,NOS2,DU-145
4844,1,DU-145,NOS2P2,DU-145
4845,1,DU-145,NOS2P1,DU-145
4846,1,DU-145,NOS3,DU-145
10993,1,DU-145,SDS,DU-145
1603,1,DU-145,DAD1,DU-145
1650,1,DU-145,DDOST,DU-145
6184,1,DU-145,RPN1,DU-145
6185,1,DU-145,RPN2,DU-145
80142,1,DU-145,PTGES2,DU-145
9536,1,DU-145,PTGES,DU-145
2271,0.958338141,DU-145,FH,DU-145
246213,1,DU-145,SLC17A8,DU-145
57030,1,DU-145,SLC17A7,DU-145
57084,1,DU-145,SLC17A6,DU-145
2583,1,DU-145,B4GALNT1,DU-145
51227,1,DU-145,PIGP,DU-145
5277,1,DU-145,PIGA,DU-145
5279,1,DU-145,PIGC,DU-145
5283,1,DU-145,PIGH,DU-145
8818,1,DU-145,DPM2,DU-145
9091,1,DU-145,PIGQ,DU-145
376497,1,DU-145,SLC27A1,DU-145
54187,1,DU-145,NANS,DU-145
7841,1,DU-145,MOGS,DU-145
246,1,DU-145,ALOX15,DU-145
247,1,DU-145,ALOX15B,DU-145
410,1,DU-145,ARSA,DU-145
6319,1,DU-145,SCD,DU-145
10998,1,DU-145,SLC27A5,DU-145
1152,1,DU-145,CKB,DU-145
1158,1,DU-145,CKM,DU-145
3931,1,DU-145,LCAT,DU-145
27349,1,DU-145,MCAT,DU-145
10007,1,DU-145,GNPDA1,DU-145
132789,1,DU-145,GNPDA2,DU-145
5223,1,DU-145,PGAM1,DU-145
5224,1,DU-145,PGAM2,DU-145
669,1,DU-145,BPGM,DU-145
1586,1,DU-145,CYP17A1,DU-145
38,0.994560572,DU-145,ACAT1,DU-145
142680,1,DU-145,SLC34A3,DU-145
2224,0,DU-145,FDPS,DU-145
11285,1,DU-145,B4GALT7,DU-145
2629,1,DU-145,GBA,DU-145
10560,1,DU-145,SLC19A2,DU-145
80704,1,DU-145,SLC19A3,DU-145
6533,1,DU-145,SLC6A6,DU-145
6489,1,DU-145,ST8SIA1,DU-145
1581,1,DU-145,CYP7A1,DU-145
11253,1,DU-145,MAN1B1,DU-145
89874,0.989293491,DU-145,SLC25A21,DU-145
26227,0.76464683,DU-145,PHGDH,DU-145
2597,1,DU-145,GAPDH,DU-145
26330,1,DU-145,GAPDHS,DU-145
1589,1,DU-145,CYP21A2,DU-145
8534,1,DU-145,CHST1,DU-145
10257,1,DU-145,ABCC4,DU-145
5211,1,DU-145,PFKL,DU-145
5213,1,DU-145,PFKM,DU-145
5214,1,DU-145,PFKP,DU-145
118881,1,DU-145,COMTD1,DU-145
1118,1,DU-145,CHIT1,DU-145
27159,1,DU-145,CHIA,DU-145
54682,1,DU-145,MANSC1,DU-145
10057,1,DU-145,ABCC5,DU-145
6559,1,DU-145,SLC12A3,DU-145
9154,1,DU-145,SLC28A1,DU-145
7389,1,DU-145,UROD,DU-145
55312,1,DU-145,RFK,DU-145
383,1,DU-145,ARG1,DU-145
6649,1,DU-145,SOD3,DU-145
10157,0.997456955,DU-145,AASS,DU-145
1632,1,DU-145,ECI1,DU-145
8564,0.994384692,DU-145,KMO,DU-145
27430,1,DU-145,MAT2B,DU-145
4143,1,DU-145,MAT1A,DU-145
4144,1,DU-145,MAT2A,DU-145
5198,0,DU-145,PFAS,DU-145
3628,1,DU-145,INPP1,DU-145
1119,1,DU-145,CHKA,DU-145
1120,1,DU-145,CHKB,DU-145
30815,1,DU-145,ST6GALNAC6,DU-145
166785,1,DU-145,MMAA,DU-145
8528,1,DU-145,DDO,DU-145
1572,1,DU-145,CYP2F1,DU-145
134526,1,DU-145,ACOT12,DU-145
570,1,DU-145,BAAT,DU-145
6573,1,DU-145,SLC19A1,DU-145
2023,1,DU-145,ENO1,DU-145
2026,1,DU-145,ENO2,DU-145
2027,1,DU-145,ENO3,DU-145
26237,1,DU-145,,DU-145
3422,1,DU-145,IDI1,DU-145
91734,1,DU-145,IDI2,DU-145
29929,1,DU-145,ALG6,DU-145
51251,1,DU-145,NT5C3A,DU-145
471,0,DU-145,ATIC,DU-145
3990,1,DU-145,LIPC,DU-145
4837,1,DU-145,NNMT,DU-145
51302,1,DU-145,CYP39A1,DU-145
10870,1,DU-145,HCST,DU-145
23533,1,DU-145,PIK3R5,DU-145
5290,1,DU-145,PIK3CA,DU-145
5291,1,DU-145,PIK3CB,DU-145
5293,1,DU-145,PIK3CD,DU-145
5294,1,DU-145,PIK3CG,DU-145
5295,1,DU-145,PIK3R1,DU-145
5296,1,DU-145,PIK3R2,DU-145
8503,1,DU-145,PIK3R3,DU-145
9487,1,DU-145,PIGL,DU-145
11283,1,DU-145,CYP4F8,DU-145
290,1,DU-145,ANPEP,DU-145
5742,1,DU-145,PTGS1,DU-145
5743,1,DU-145,PTGS2,DU-145
644,1,DU-145,BLVRA,DU-145
645,1,DU-145,BLVRB,DU-145
3419,1,DU-145,IDH3A,DU-145
3420,1,DU-145,IDH3B,DU-145
3421,1,DU-145,IDH3G,DU-145
9058,1,DU-145,SLC13A2,DU-145
10402,1,DU-145,ST3GAL6,DU-145
55808,1,DU-145,ST6GALNAC1,DU-145
6518,1,DU-145,SLC2A5,DU-145
6534,1,DU-145,SLC6A7,DU-145
6342,1,DU-145,SCP2,DU-145
11309,1,DU-145,SLCO2B1,DU-145
64131,1,DU-145,XYLT1,DU-145
64132,1,DU-145,XYLT2,DU-145
6713,0,DU-145,SQLE,DU-145
1621,1,DU-145,DBH,DU-145
26002,1,DU-145,MOXD1,DU-145
2203,1,DU-145,FBP1,DU-145
8789,1,DU-145,FBP2,DU-145
80270,1,DU-145,HSD3B7,DU-145
9791,1,DU-145,PTDSS1,DU-145
1178,1,DU-145,CLC,DU-145
29124,1,DU-145,LGALS13,DU-145
5321,1,DU-145,PLA2G4A,DU-145
121278,1,DU-145,TPH2,DU-145
7166,1,DU-145,TPH1,DU-145
26279,1,DU-145,PLA2G2D,DU-145
30814,1,DU-145,PLA2G2E,DU-145
5319,1,DU-145,PLA2G1B,DU-145
5320,1,DU-145,PLA2G2A,DU-145
5322,1,DU-145,PLA2G5,DU-145
64600,1,DU-145,PLA2G2F,DU-145
81579,1,DU-145,PLA2G12A,DU-145
8399,1,DU-145,PLA2G10,DU-145
11181,1,DU-145,TREH,DU-145
2572,1,DU-145,GAD2,DU-145
51380,1,DU-145,CSAD,DU-145
64080,1,DU-145,RBKS,DU-145
1559,1,DU-145,CYP2C9,DU-145
8801,0.999077719,DU-145,SUCLG2,DU-145
6561,1,DU-145,SLC13A1,DU-145
8833,0,DU-145,GMPS,DU-145
23743,1,DU-145,BHMT2,DU-145
635,1,DU-145,BHMT,DU-145
5860,1,DU-145,QDPR,DU-145
1040,0.999704899,DU-145,CDS1,DU-145
23632,1,DU-145,CA14,DU-145
377677,1,DU-145,CA13,DU-145
759,1,DU-145,CA1,DU-145
760,1,DU-145,CA2,DU-145
761,1,DU-145,CA3,DU-145
762,1,DU-145,CA4,DU-145
766,1,DU-145,CA7,DU-145
768,1,DU-145,CA9,DU-145
771,1,DU-145,CA12,DU-145
2538,1,DU-145,G6PC,DU-145
57818,1,DU-145,G6PC2,DU-145
92579,1,DU-145,G6PC3,DU-145
9653,1,DU-145,HS2ST1,DU-145
52,1,DU-145,ACP1,DU-145
2746,1,DU-145,GLUD1,DU-145
2747,1,DU-145,GLUD2,DU-145
5286,1,DU-145,PIK3C2A,DU-145
5288,1,DU-145,PIK3C2G,DU-145
5289,1,DU-145,PIK3C3,DU-145
2632,1,DU-145,GBE1,DU-145
26062,1,DU-145,HYAL6P,DU-145
6557,1,DU-145,SLC12A1,DU-145
6558,1,DU-145,SLC12A2,DU-145
158,1,DU-145,ADSL,DU-145
2525,1,DU-145,FUT3,DU-145
55163,1,DU-145,PNPO,DU-145
5019,1,DU-145,OXCT1,DU-145
64064,1,DU-145,OXCT2,DU-145
171425,1,DU-145,CLYBL,DU-145
1584,1,DU-145,CYP11B1,DU-145
8608,1,DU-145,RDH16,DU-145
2182,1,DU-145,ACSL4,DU-145
22305,1,DU-145,Vmn2r37,DU-145
2762,1,DU-145,GMDS,DU-145
7371,1,DU-145,UCK2,DU-145
83549,1,DU-145,UCK1,DU-145
6543,1,DU-145,SLC8A2,DU-145
6546,1,DU-145,SLC8A1,DU-145
6547,1,DU-145,SLC8A3,DU-145
2974,1,DU-145,GUCY1B2,DU-145
2977,1,DU-145,GUCY1A2,DU-145
2982,1,DU-145,GUCY1A1,DU-145
2983,1,DU-145,GUCY1B1,DU-145
2984,1,DU-145,GUCY2C,DU-145
2986,1,DU-145,GUCY2F,DU-145
3000,1,DU-145,GUCY2D,DU-145
4881,1,DU-145,NPR1,DU-145
4882,1,DU-145,NPR2,DU-145
55217,1,DU-145,TMLHE,DU-145
10919,1,DU-145,EHMT2,DU-145
387893,1,DU-145,KMT5A,DU-145
58508,1,DU-145,KMT2C,DU-145
6839,1,DU-145,SUV39H1,DU-145
79723,1,DU-145,SUV39H2,DU-145
79813,1,DU-145,EHMT1,DU-145
80854,1,DU-145,SETD7,DU-145
83852,1,DU-145,SETDB2,DU-145
84444,1,DU-145,DOT1L,DU-145
9869,1,DU-145,SETDB1,DU-145
5238,1,DU-145,PGM3,DU-145
495,1,DU-145,ATP4A,DU-145
496,1,DU-145,ATP4B,DU-145
93034,1,DU-145,NT5C1B,DU-145
286016,1,DU-145,TPI1P2,DU-145
7167,1,DU-145,TPI1,DU-145
6482,1,DU-145,ST3GAL1,DU-145
6483,1,DU-145,ST3GAL2,DU-145
6484,1,DU-145,ST3GAL4,DU-145
51166,1,DU-145,AADAT,DU-145
883,1,DU-145,KYAT1,DU-145
1371,1,DU-145,CPOX,DU-145
50700,1,DU-145,RDH8,DU-145
5625,1,DU-145,PRODH,DU-145
2876,1,DU-145,GPX1,DU-145
2877,1,DU-145,GPX2,DU-145
2879,1,DU-145,GPX4,DU-145
5052,1,DU-145,PRDX1,DU-145
7001,1,DU-145,PRDX2,DU-145
57468,1,DU-145,SLC12A5,DU-145
11136,1,DU-145,SLC7A9,DU-145
276,1,DU-145,AMY1A,DU-145
277,1,DU-145,AMY1B,DU-145
278,1,DU-145,AMY1C,DU-145
279,1,DU-145,AMY2A,DU-145
280,1,DU-145,AMY2B,DU-145
6519,1,DU-145,SLC3A1,DU-145
197257,1,DU-145,LDHD,DU-145
7086,1,DU-145,TKT,DU-145
8277,1,DU-145,TKTL1,DU-145
84076,1,DU-145,TKTL2,DU-145
8398,1,DU-145,PLA2G6,DU-145
7263,1,DU-145,TST,DU-145
79053,1,DU-145,ALG8,DU-145
3992,1,DU-145,FADS1,DU-145
115584,1,DU-145,SLC5A11,DU-145
3417,1,DU-145,IDH1,DU-145
4353,1,DU-145,MPO,DU-145
57678,0,DU-145,GPAM,DU-145
51004,1,DU-145,COQ6,DU-145
5973,1,DU-145,RENBP,DU-145
8824,1,DU-145,CES2,DU-145
6584,1,DU-145,SLC22A5,DU-145
10312,1,DU-145,TCIRG1,DU-145
127124,1,DU-145,ATP6V1G3,DU-145
23545,1,DU-145,ATP6V0A2,DU-145
245972,1,DU-145,ATP6V0D2,DU-145
245973,1,DU-145,ATP6V1C2,DU-145
50617,1,DU-145,ATP6V0A4,DU-145
51382,1,DU-145,ATP6V1D,DU-145
51606,1,DU-145,ATP6V1H,DU-145
523,1,DU-145,ATP6V1A,DU-145
525,1,DU-145,ATP6V1B1,DU-145
526,1,DU-145,ATP6V1B2,DU-145
527,1,DU-145,ATP6V0C,DU-145
528,1,DU-145,ATP6V1C1,DU-145
529,1,DU-145,ATP6V1E1,DU-145
533,1,DU-145,ATP6V0B,DU-145
534,1,DU-145,ATP6V1G2,DU-145
535,1,DU-145,ATP6V0A1,DU-145
8992,1,DU-145,ATP6V0E1,DU-145
90423,1,DU-145,ATP6V1E2,DU-145
9114,1,DU-145,ATP6V0D1,DU-145
9296,1,DU-145,ATP6V1F,DU-145
9550,1,DU-145,ATP6V1G1,DU-145
26035,1,DU-145,GLCE,DU-145
284098,1,DU-145,PIGW,DU-145
221823,1,DU-145,PRPS1L1,DU-145
5631,1,DU-145,PRPS1,DU-145
5634,1,DU-145,PRPS2,DU-145
2937,1,DU-145,GSS,DU-145
115286,1,DU-145,SLC25A26,DU-145
1548,1,DU-145,CYP2A6,DU-145
1553,1,DU-145,CYP2A13,DU-145
10476,1,DU-145,ATP5PD,DU-145
10632,0.872345708,DU-145,ATP5MG,DU-145
4905,0.872345708,DU-145,NSF,DU-145
498,1,DU-145,ATP5F1A,DU-145
506,0.872345708,DU-145,ATP5F1B,DU-145
509,1,DU-145,ATP5F1C,DU-145
513,1,DU-145,ATP5F1D,DU-145
514,1,DU-145,ATP5F1E,DU-145
515,1,DU-145,ATP5PB,DU-145
516,1,DU-145,ATP5MC1,DU-145
517,1,DU-145,ATP5MC2,DU-145
518,1,DU-145,ATP5MC3,DU-145
521,0.872345708,DU-145,ATP5ME,DU-145
522,1,DU-145,ATP5PF,DU-145
9551,1,DU-145,ATP5MF,DU-145
1633,1,DU-145,DCK,DU-145
53343,1,DU-145,NUDT9,DU-145
9057,1,DU-145,SLC7A6,DU-145
80146,1,DU-145,UXS1,DU-145
443,1,DU-145,ASPA,DU-145
91703,1,DU-145,ACY3,DU-145
6240,0,DU-145,RRM1,DU-145
6241,0,DU-145,RRM2,DU-145
10682,0,DU-145,EBP,DU-145
57733,1,DU-145,GBA3,DU-145
2582,1,DU-145,GALE,DU-145
2645,1,DU-145,GCK,DU-145
3098,1,DU-145,HK1,DU-145
3099,1,DU-145,HK2,DU-145
3101,1,DU-145,HK3,DU-145
80201,1,DU-145,HKDC1,DU-145
53630,1,DU-145,BCO1,DU-145
10935,1,DU-145,PRDX3,DU-145
6697,1,DU-145,SPR,DU-145
55512,1,DU-145,SMPD3,DU-145
116255,1,DU-145,MOGAT1,DU-145
80168,1,DU-145,MOGAT2,DU-145
3290,1,DU-145,HSD11B1,DU-145
6718,1,DU-145,AKR1D1,DU-145
1719,0,DU-145,DHFR,DU-145
3162,1,DU-145,HMOX1,DU-145
3163,1,DU-145,HMOX2,DU-145
80347,1,DU-145,COASY,DU-145
51703,1,DU-145,ACSL5,DU-145
204,1,DU-145,AK2,DU-145
205,1,DU-145,AK4,DU-145
6530,1,DU-145,SLC6A2,DU-145
6531,1,DU-145,SLC6A3,DU-145
586,0.882562374,DU-145,BCAT1,DU-145
2592,1,DU-145,GALT,DU-145
29880,1,DU-145,ALG5,DU-145
43,1,DU-145,ACHE,DU-145
3704,1,DU-145,ITPA,DU-145
27068,1,DU-145,PPA2,DU-145
875,1,DU-145,CBS,DU-145
8706,1,DU-145,B3GALNT1,DU-145
56474,1,DU-145,CTPS2,DU-145
6574,1,DU-145,SLC20A1,DU-145
6575,1,DU-145,SLC20A2,DU-145
1743,0.962233457,DU-145,DLST,DU-145
4967,1,DU-145,OGDH,DU-145
8050,0.934302377,DU-145,PDHX,DU-145
622,1,DU-145,BDH1,DU-145
54675,1,DU-145,CRLS1,DU-145
115019,1,DU-145,SLC26A9,DU-145
115111,1,DU-145,SLC26A7,DU-145
116369,1,DU-145,SLC26A8,DU-145
10991,1,DU-145,SLC38A3,DU-145
92745,1,DU-145,SLC38A5,DU-145
60482,1,DU-145,SLC5A7,DU-145
1723,0,DU-145,DHODH,DU-145
10020,1,DU-145,GNE,DU-145
10050,1,DU-145,SLC17A4,DU-145
10246,1,DU-145,SLC17A2,DU-145
10786,1,DU-145,SLC17A3,DU-145
6568,1,DU-145,SLC17A1,DU-145
1594,1,DU-145,CYP27B1,DU-145
1565,1,DU-145,CYP2D6,DU-145
200576,1,DU-145,PIKFYVE,DU-145
5305,1,DU-145,PIP4K2A,DU-145
79837,1,DU-145,PIP4K2C,DU-145
8396,1,DU-145,PIP4K2B,DU-145
26301,1,DU-145,GBGT1,DU-145
2110,1,DU-145,ETFDH,DU-145
8879,1,DU-145,SGPL1,DU-145
54981,1,DU-145,NMRK1,DU-145
1841,1,DU-145,DTYMK,DU-145
210,1,DU-145,ALAD,DU-145
1551,1,DU-145,CYP3A7,DU-145
7264,1,DU-145,TSTA3,DU-145
123041,1,DU-145,SLC24A4,DU-145
25769,1,DU-145,SLC24A2,DU-145
57419,1,DU-145,SLC24A3,DU-145
9187,1,DU-145,SLC24A1,DU-145
57171,1,DU-145,DOLPP1,DU-145
10165,1,DU-145,SLC25A13,DU-145
8604,1,DU-145,SLC25A12,DU-145
5207,1,DU-145,PFKFB1,DU-145
5208,1,DU-145,PFKFB2,DU-145
5209,1,DU-145,PFKFB3,DU-145
5210,1,DU-145,PFKFB4,DU-145
2729,1,DU-145,GCLC,DU-145
2730,1,DU-145,GCLM,DU-145
2678,1,DU-145,GGT1,DU-145
2679,1,DU-145,GGT3P,DU-145
56848,1,DU-145,SPHK2,DU-145
348477,1,DU-145,MIA3,DU-145
5230,1,DU-145,PGK1,DU-145
5232,1,DU-145,PGK2,DU-145
2992,1,DU-145,GYG1,DU-145
2997,1,DU-145,GYS1,DU-145
2998,1,DU-145,GYS2,DU-145
8908,1,DU-145,GYG2,DU-145
81537,1,DU-145,SGPP1,DU-145
5805,1,DU-145,PTS,DU-145
65985,0.971538604,DU-145,AACS,DU-145
9615,1,DU-145,GDA,DU-145
5095,0.994560572,DU-145,PCCA,DU-145
5096,0.994560572,DU-145,PCCB,DU-145
2673,1,DU-145,GFPT1,DU-145
9945,1,DU-145,GFPT2,DU-145
55224,1,DU-145,ETNK2,DU-145
55500,1,DU-145,ETNK1,DU-145
438,1,DU-145,ASMT,DU-145
1595,0,DU-145,CYP51A1,DU-145
10975,0,DU-145,UQCR11,DU-145
1537,0,DU-145,CYC1,DU-145
27089,0,DU-145,UQCRQ,DU-145
29796,1,DU-145,UQCR10,DU-145
4519,0,DU-145,CYTB,DU-145
7381,0,DU-145,UQCRB,DU-145
7384,0,DU-145,UQCRC1,DU-145
7385,0,DU-145,UQCRC2,DU-145
7386,0,DU-145,UQCRFS1,DU-145
7388,0,DU-145,UQCRH,DU-145
5831,1,DU-145,PYCR1,DU-145
10166,1,DU-145,SLC25A15,DU-145
83884,1,DU-145,SLC25A2,DU-145
2936,1,DU-145,GSR,DU-145
55350,1,DU-145,VNN3,DU-145
8875,1,DU-145,VNN2,DU-145
8876,1,DU-145,VNN1,DU-145
114134,1,DU-145,SLC2A13,DU-145
10606,0,DU-145,PAICS,DU-145
4048,1,DU-145,LTA4H,DU-145
347734,1,DU-145,SLC35B2,DU-145
51540,1,DU-145,SCLY,DU-145
1582,1,DU-145,CYP8B1,DU-145
47,1,DU-145,ACLY,DU-145
6120,1,DU-145,RPE,DU-145
112483,1,DU-145,SAT2,DU-145
6303,1,DU-145,SAT1,DU-145
107,1,DU-145,ADCY1,DU-145
108,1,DU-145,ADCY2,DU-145
109,1,DU-145,ADCY3,DU-145
111,1,DU-145,ADCY5,DU-145
112,1,DU-145,ADCY6,DU-145
113,1,DU-145,ADCY7,DU-145
114,1,DU-145,ADCY8,DU-145
115,1,DU-145,ADCY9,DU-145
196883,1,DU-145,ADCY4,DU-145
55811,1,DU-145,ADCY10,DU-145
135152,1,DU-145,B3GAT2,DU-145
26229,1,DU-145,B3GAT3,DU-145
27087,1,DU-145,B3GAT1,DU-145
57835,1,DU-145,SLC4A5,DU-145
8671,1,DU-145,SLC4A4,DU-145
6307,0,DU-145,MSMO1,DU-145
5409,1,DU-145,PNMT,DU-145
8760,1,DU-145,CDS2,DU-145
10840,1,DU-145,ALDH1L1,DU-145
11185,1,DU-145,INMT,DU-145
952,1,DU-145,CD38,DU-145
6647,1,DU-145,SOD1,DU-145
23657,1,DU-145,SLC7A11,DU-145
10558,0,DU-145,SPTLC1,DU-145
9517,0,DU-145,SPTLC2,DU-145
7054,1,DU-145,TH,DU-145
160728,1,DU-145,SLC5A8,DU-145
435,1,DU-145,ASL,DU-145
9962,1,DU-145,SLC23A2,DU-145
9963,1,DU-145,SLC23A1,DU-145
9497,1,DU-145,SLC4A7,DU-145
2717,1,DU-145,GLA,DU-145
64816,1,DU-145,CYP3A43,DU-145
23382,1,DU-145,AHCYL2,DU-145
6999,0.994384692,DU-145,TDO2,DU-145
26503,1,DU-145,SLC17A5,DU-145
23428,1,DU-145,SLC7A8,DU-145
2710,1,DU-145,GK,DU-145
2712,1,DU-145,GK2,DU-145
2713,1,DU-145,GK3P,DU-145
2875,1,DU-145,GPT,DU-145
84706,1,DU-145,GPT2,DU-145
10423,1,DU-145,CDIPT,DU-145
1576,1,DU-145,CYP3A4,DU-145
23478,1,DU-145,SEC11A,DU-145
28972,1,DU-145,SPCS1,DU-145
60559,1,DU-145,SPCS3,DU-145
90701,1,DU-145,SEC11C,DU-145
9789,1,DU-145,SPCS2,DU-145
4199,1,DU-145,ME1,DU-145
2519,1,DU-145,FUCA2,DU-145
445,1,DU-145,ASS1,DU-145
55907,1,DU-145,CMAS,DU-145
2745,1,DU-145,GLRX,DU-145
51022,1,DU-145,GLRX2,DU-145
4952,1,DU-145,OCRL,DU-145
8871,1,DU-145,SYNJ2,DU-145
6652,1,DU-145,SORD,DU-145
27115,1,DU-145,PDE7B,DU-145
5141,1,DU-145,PDE4A,DU-145
5142,1,DU-145,PDE4B,DU-145
5143,1,DU-145,PDE4C,DU-145
5144,1,DU-145,PDE4D,DU-145
5150,1,DU-145,PDE7A,DU-145
5151,1,DU-145,PDE8A,DU-145
8622,1,DU-145,PDE8B,DU-145
6646,0,DU-145,SOAT1,DU-145
51733,1,DU-145,UPB1,DU-145
23498,0.994384692,DU-145,HAAO,DU-145
26275,1,DU-145,HIBCH,DU-145
5053,0.994560572,DU-145,PAH,DU-145
50506,1,DU-145,DUOX2,DU-145
53905,1,DU-145,DUOX1,DU-145
2820,1,DU-145,GPD2,DU-145
56052,1,DU-145,ALG1,DU-145
1558,1,DU-145,CYP2C8,DU-145
2530,1,DU-145,FUT8,DU-145
3631,1,DU-145,INPP4A,DU-145
8821,1,DU-145,INPP4B,DU-145
10005,1,DU-145,ACOT8,DU-145
9153,1,DU-145,SLC28A2,DU-145
10654,0,DU-145,PMVK,DU-145
8560,1,DU-145,DEGS1,DU-145
9023,1,DU-145,CH25H,DU-145
5338,1,DU-145,PLD2,DU-145
3938,1,DU-145,LCT,DU-145
2531,0,DU-145,KDSR,DU-145
259230,0,DU-145,SGMS1,DU-145
2643,1,DU-145,GCH1,DU-145
162417,1,DU-145,NAGS,DU-145
3155,1,DU-145,HMGCL,DU-145
9489,1,DU-145,PGS1,DU-145
57127,1,DU-145,RHBG,DU-145
6005,1,DU-145,RHAG,DU-145
84735,1,DU-145,CNDP1,DU-145
26266,1,DU-145,SLC13A4,DU-145
11282,1,DU-145,MGAT4B,DU-145
11320,1,DU-145,MGAT4A,DU-145
55343,1,DU-145,SLC35C1,DU-145
6536,1,DU-145,SLC6A9,DU-145
178,1,DU-145,AGL,DU-145
2584,1,DU-145,GALK1,DU-145
2585,1,DU-145,GALK2,DU-145
1562,1,DU-145,CYP2C18,DU-145
23439,1,DU-145,ATP1B4,DU-145
476,1,DU-145,ATP1A1,DU-145
477,1,DU-145,ATP1A2,DU-145
478,1,DU-145,ATP1A3,DU-145
480,1,DU-145,ATP1A4,DU-145
481,1,DU-145,ATP1B1,DU-145
482,1,DU-145,ATP1B2,DU-145
483,1,DU-145,ATP1B3,DU-145
10380,1,DU-145,BPNT1,DU-145
4357,1,DU-145,MPST,DU-145
122622,1,DU-145,ADSSL1,DU-145
159,1,DU-145,ADSS,DU-145
257202,1,DU-145,GPX6,DU-145
2878,1,DU-145,GPX3,DU-145
1798,1,DU-145,DPAGT1,DU-145
6916,1,DU-145,TBXAS1,DU-145
8402,1,DU-145,SLC25A11,DU-145
80150,0.997545161,DU-145,ASRGL1,DU-145
4056,1,DU-145,LTC4S,DU-145
4258,1,DU-145,MGST2,DU-145
4259,1,DU-145,MGST3,DU-145
157506,1,DU-145,RDH10,DU-145
54344,1,DU-145,DPM3,DU-145
8813,1,DU-145,DPM1,DU-145
248,1,DU-145,ALPI,DU-145
249,1,DU-145,ALPL,DU-145
250,1,DU-145,ALPP,DU-145
251,1,DU-145,ALPG,DU-145
11212,1,DU-145,PLPBP,DU-145
28976,1,DU-145,ACAD9,DU-145
80724,1,DU-145,ACAD10,DU-145
84129,1,DU-145,ACAD11,DU-145
117247,1,DU-145,SLC16A10,DU-145
1737,0.969855823,DU-145,DLAT,DU-145
5160,1,DU-145,PDHA1,DU-145
5161,1,DU-145,PDHA2,DU-145
5162,0.969855823,DU-145,PDHB,DU-145
50,1,DU-145,ACO2,DU-145
5167,1,DU-145,ENPP1,DU-145
5168,1,DU-145,ENPP2,DU-145
5169,1,DU-145,ENPP3,DU-145
65220,1,DU-145,NADK,DU-145
79717,1,DU-145,PPCS,DU-145
873,1,DU-145,CBR1,DU-145
66002,1,DU-145,CYP4F12,DU-145
116285,1,DU-145,ACSM1,DU-145
79751,1,DU-145,SLC25A22,DU-145
83733,1,DU-145,SLC25A18,DU-145
50487,1,DU-145,PLA2G3,DU-145
427,1,DU-145,ASAH1,DU-145
54965,1,DU-145,PIGX,DU-145
93183,1,DU-145,PIGM,DU-145
2739,1,DU-145,GLO1,DU-145
56913,1,DU-145,C1GALT1,DU-145
4548,1,DU-145,MTR,DU-145
84693,0.994560572,DU-145,MCEE,DU-145
10559,1,DU-145,SLC35A1,DU-145
8288,1,DU-145,EPX,DU-145
490,1,DU-145,ATP2B1,DU-145
491,1,DU-145,ATP2B2,DU-145
492,1,DU-145,ATP2B3,DU-145
493,1,DU-145,ATP2B4,DU-145
4522,1,DU-145,MTHFD1,DU-145
353,1,DU-145,APRT,DU-145
6565,1,DU-145,SLC15A2,DU-145
1585,1,DU-145,CYP11B2,DU-145
5464,1,DU-145,PPA1,DU-145
5244,1,DU-145,ABCB4,DU-145
5033,1,DU-145,P4HA1,DU-145
5034,1,DU-145,P4HB,DU-145
8974,1,DU-145,P4HA2,DU-145
7359,1,DU-145,UGP2,DU-145
7360,1,DU-145,UGP2,DU-145
10999,1,DU-145,SLC27A4,DU-145
11000,1,DU-145,SLC27A3,DU-145
81490,1,DU-145,PTDSS2,DU-145
4023,0,DU-145,LPL,DU-145
3291,1,DU-145,HSD11B2,DU-145
3081,0.989235174,DU-145,HGD,DU-145
10587,1,DU-145,TXNRD2,DU-145
114112,1,DU-145,TXNRD3,DU-145
6611,1,DU-145,SMS,DU-145
3145,1,DU-145,HMBS,DU-145
54511,1,DU-145,HMGCLL1,DU-145
6572,1,DU-145,SLC18A3,DU-145
5740,1,DU-145,PTGIS,DU-145
262,1,DU-145,AMD1,DU-145
6820,1,DU-145,SULT2B1,DU-145
3029,1,DU-145,HAGH,DU-145
124637,1,DU-145,CYB5D1,DU-145
22934,0,DU-145,RPIA,DU-145
286297,1,DU-145,LOC286297,DU-145
1806,1,DU-145,DPYD,DU-145
3036,1,DU-145,HAS1,DU-145
3037,1,DU-145,HAS2,DU-145
3038,1,DU-145,HAS3,DU-145
5498,1,DU-145,PPOX,DU-145
131669,0.994213551,DU-145,UROC1,DU-145
6508,1,DU-145,SLC4A3,DU-145
6521,1,DU-145,SLC4A1,DU-145
6522,1,DU-145,SLC4A2,DU-145
83697,1,DU-145,SLC4A9,DU-145
55268,1,DU-145,ECHDC2,DU-145
5105,1,DU-145,PCK1,DU-145
242,1,DU-145,ALOX12B,DU-145
256435,1,DU-145,ST6GALNAC3,DU-145
81849,1,DU-145,ST6GALNAC5,DU-145
54677,1,DU-145,CROT,DU-145
2595,1,DU-145,GANC,DU-145
1503,1,DU-145,CTPS1,DU-145
11112,0.995088441,DU-145,HIBADH,DU-145
79896,1,DU-145,THNSL1,DU-145
6675,1,DU-145,UAP1,DU-145
91373,1,DU-145,UAP1L1,DU-145
64849,1,DU-145,SLC13A3,DU-145
64781,1,DU-145,CERK,DU-145
130013,0.994384692,DU-145,ACMSD,DU-145
55349,1,DU-145,CHDH,DU-145
4122,1,DU-145,MAN2A2,DU-145
4124,1,DU-145,MAN2A1,DU-145
284111,1,DU-145,SLC13A5,DU-145
84002,1,DU-145,B3GNT5,DU-145
10948,1,DU-145,STARD3,DU-145
5106,1,DU-145,PCK2,DU-145
84264,1,DU-145,HAGHL,DU-145
7350,1,DU-145,UCP1,DU-145
7351,1,DU-145,UCP2,DU-145
7352,1,DU-145,UCP3,DU-145
9016,1,DU-145,SLC25A14,DU-145
9481,1,DU-145,SLC25A27,DU-145
23530,1,DU-145,NNT,DU-145
1606,1,DU-145,DGKA,DU-145
1607,1,DU-145,DGKB,DU-145
1608,1,DU-145,DGKG,DU-145
160851,1,DU-145,DGKH,DU-145
1609,1,DU-145,DGKQ,DU-145
8526,1,DU-145,DGKE,DU-145
8527,1,DU-145,DGKD,DU-145
80162,1,DU-145,PGGHG,DU-145
27010,1,DU-145,TPK1,DU-145
2639,1,DU-145,GCDH,DU-145
1159,1,DU-145,CKMT1B,DU-145
1160,1,DU-145,CKMT2,DU-145
8540,1,DU-145,AGPS,DU-145
4594,0.989643682,DU-145,MMUT,DU-145
2098,1,DU-145,ESD,DU-145
9583,1,DU-145,ENTPD4,DU-145
6532,1,DU-145,SLC6A4,DU-145
113451,1,DU-145,AZIN2,DU-145
79814,1,DU-145,AGMAT,DU-145
6480,1,DU-145,ST6GAL1,DU-145
1635,1,DU-145,DCTD,DU-145
2687,1,DU-145,GGT5,DU-145
51478,1,DU-145,HSD17B7,DU-145
5723,1,DU-145,PSPH,DU-145
8781,1,DU-145,PSPHP1,DU-145
4051,1,DU-145,CYP4F3,DU-145
8529,1,DU-145,CYP4F2,DU-145
5240,1,DU-145,PGP,DU-145
27165,1,DU-145,GLS2,DU-145
2744,1,DU-145,GLS,DU-145
2539,1,DU-145,G6PD,DU-145
8790,1,DU-145,FPGT,DU-145
284129,1,DU-145,SLC26A11,DU-145
440,1,DU-145,ASNS,DU-145
7306,1,DU-145,TYRP1,DU-145
11238,1,DU-145,CA5B,DU-145
763,1,DU-145,CA5A,DU-145
29925,1,DU-145,GMPPB,DU-145
29926,1,DU-145,GMPPA,DU-145
285216,1,DU-145,MTHFD2P1,DU-145
80068,1,DU-145,MTHFD2L,DU-145
64711,1,DU-145,HS3ST6,DU-145
9951,1,DU-145,HS3ST4,DU-145
9952,1,DU-145,,DU-145
9953,1,DU-145,HS3ST3B1,DU-145
9954,1,DU-145,,DU-145
9955,1,DU-145,HS3ST3A1,DU-145
222537,1,DU-145,HS3ST5,DU-145
9956,1,DU-145,HS3ST2,DU-145
9056,1,DU-145,SLC7A7,DU-145
3033,1,DU-145,HADH,DU-145
10858,1,DU-145,CYP46A1,DU-145
4598,0,DU-145,MVK,DU-145
1491,1,DU-145,CTH,DU-145
1577,1,DU-145,CYP3A5,DU-145
1373,1,DU-145,CPS1,DU-145
3906,1,DU-145,LALBA,DU-145
11343,1,DU-145,MGLL,DU-145
3292,1,DU-145,HSD17B1,DU-145
7923,1,DU-145,HSD17B8,DU-145
29968,1,DU-145,PSAT1,DU-145
1890,1,DU-145,TYMP,DU-145
5351,1,DU-145,PLOD1,DU-145
5352,1,DU-145,PLOD2,DU-145
8985,1,DU-145,PLOD3,DU-145
2581,1,DU-145,GALC,DU-145
2819,0,DU-145,GPD1,DU-145
10568,1,DU-145,SLC34A2,DU-145
6569,1,DU-145,SLC34A1,DU-145
4249,1,DU-145,MGAT5,DU-145
4047,0,DU-145,LSS,DU-145
4351,1,DU-145,MPI,DU-145
4125,1,DU-145,MAN2B1,DU-145
6821,1,DU-145,SUOX,DU-145
51805,1,DU-145,COQ3,DU-145
384,1,DU-145,ARG2,DU-145
192134,1,DU-145,B3GNT6,DU-145
113452,1,DU-145,TMEM54,DU-145
5313,1,DU-145,PKLR,DU-145
5315,1,DU-145,PKM,DU-145
8424,1,DU-145,BBOX1,DU-145
3614,1,DU-145,IMPDH1,DU-145
3615,1,DU-145,IMPDH2,DU-145
25796,1,DU-145,PGLS,DU-145
125965,0,DU-145,COX6B2,DU-145
1327,0,DU-145,COX4I1,DU-145
1329,0,DU-145,COX5B,DU-145
1337,0,DU-145,COX6A1,DU-145
1339,0,DU-145,COX6A2,DU-145
1340,0,DU-145,COX6B1,DU-145
1345,0,DU-145,COX6C,DU-145
1346,0,DU-145,COX7A1,DU-145
1347,0,DU-145,COX7A2,DU-145
1349,0,DU-145,COX7B,DU-145
1350,0,DU-145,COX7C,DU-145
1351,0,DU-145,COX8A,DU-145
170712,0,DU-145,COX7B2,DU-145
341947,0,DU-145,COX8C,DU-145
4512,0,DU-145,COX1,DU-145
4513,0,DU-145,COX2,DU-145
4514,0,DU-145,COX3,DU-145
84701,0,DU-145,COX4I2,DU-145
9167,0,DU-145,COX7A2L,DU-145
9377,0,DU-145,COX5A,DU-145
2517,1,DU-145,FUCA1,DU-145
5406,1,DU-145,PNLIP,DU-145
5407,1,DU-145,PNLIPRP1,DU-145
5408,1,DU-145,PNLIPRP2,DU-145
8513,1,DU-145,LIPF,DU-145
9388,1,DU-145,LIPG,DU-145
6389,0.970468121,DU-145,SDHA,DU-145
6390,0.970468121,DU-145,SDHB,DU-145
6391,0.970468121,DU-145,SDHC,DU-145
6392,0.970468121,DU-145,SDHD,DU-145
2222,0,DU-145,FDFT1,DU-145
126328,1,DU-145,NDUFA11,DU-145
374291,1,DU-145,NDUFS7,DU-145
4535,1,DU-145,ND1,DU-145
4536,1,DU-145,ND2,DU-145
4537,1,DU-145,ND3,DU-145
4538,1,DU-145,ND4,DU-145
4539,1,DU-145,ND4L,DU-145
4540,1,DU-145,ND5,DU-145
4541,1,DU-145,ND6,DU-145
4694,1,DU-145,NDUFA1,DU-145
4695,1,DU-145,NDUFA2,DU-145
4696,1,DU-145,NDUFA3,DU-145
4697,1,DU-145,NDUFA4,DU-145
4698,1,DU-145,NDUFA5,DU-145
4700,1,DU-145,NDUFA6,DU-145
4701,1,DU-145,NDUFA7,DU-145
4702,1,DU-145,NDUFA8,DU-145
4704,1,DU-145,NDUFA9,DU-145
4705,1,DU-145,NDUFA10,DU-145
4706,1,DU-145,NDUFAB1,DU-145
4707,1,DU-145,NDUFB1,DU-145
4708,1,DU-145,NDUFB2,DU-145
4709,1,DU-145,NDUFB3,DU-145
4710,1,DU-145,NDUFB4,DU-145
4711,1,DU-145,NDUFB5,DU-145
4712,1,DU-145,NDUFB6,DU-145
4713,1,DU-145,NDUFB7,DU-145
4714,1,DU-145,NDUFB8,DU-145
4715,1,DU-145,NDUFB9,DU-145
4716,1,DU-145,NDUFB10,DU-145
4717,1,DU-145,NDUFC1,DU-145
4718,1,DU-145,NDUFC2,DU-145
4719,1,DU-145,NDUFS1,DU-145
4720,1,DU-145,NDUFS2,DU-145
4722,1,DU-145,NDUFS3,DU-145
4723,1,DU-145,NDUFV1,DU-145
4724,1,DU-145,NDUFS4,DU-145
4725,1,DU-145,NDUFS5,DU-145
4726,1,DU-145,NDUFS6,DU-145
4728,1,DU-145,NDUFS8,DU-145
4729,1,DU-145,NDUFV2,DU-145
4731,1,DU-145,NDUFV3,DU-145
51079,1,DU-145,NDUFA13,DU-145
55967,1,DU-145,NDUFA12,DU-145
7991,1,DU-145,TUSC3,DU-145
80308,1,DU-145,FLAD1,DU-145
7358,1,DU-145,UGDH,DU-145
389015,1,DU-145,SLC9A4,DU-145
6553,1,DU-145,SLC9A5,DU-145
7298,0,DU-145,TYMS,DU-145
270,1,DU-145,AMPD1,DU-145
271,1,DU-145,AMPD2,DU-145
272,1,DU-145,AMPD3,DU-145
7108,0,DU-145,TM7SF2,DU-145
51181,0.999691118,DU-145,DCXR,DU-145
5009,1,DU-145,OTC,DU-145
9227,1,DU-145,LRAT,DU-145
6648,1,DU-145,SOD2,DU-145
95,1,DU-145,ACY1,DU-145
126792,1,DU-145,B3GALT6,DU-145
55586,0.999691118,DU-145,MIOX,DU-145
3706,1,DU-145,ITPKA,DU-145
3707,1,DU-145,ITPKB,DU-145
80271,1,DU-145,ITPKC,DU-145
2954,1,DU-145,GSTZ1,DU-145
9957,1,DU-145,HS3ST1,DU-145
132,1,DU-145,ADK,DU-145
3157,1,DU-145,HMGCS1,DU-145
5250,1,DU-145,SLC25A3,DU-145
2108,1,DU-145,ETFA,DU-145
2109,1,DU-145,ETFB,DU-145
4248,1,DU-145,MGAT3,DU-145
56922,0.995029775,DU-145,MCCC1,DU-145
64087,0.995029775,DU-145,MCCC2,DU-145
6541,1,PC-3  ,SLC7A1,PC-3
6542,1,PC-3  ,SLC7A2,PC-3
84889,1,PC-3  ,SLC7A3,PC-3
53,1,PC-3  ,ACP2,PC-3
6822,1,PC-3  ,SULT2A1,PC-3
126129,1,PC-3  ,CPT1C,PC-3
1374,1,PC-3  ,CPT1A,PC-3
1375,1,PC-3  ,CPT1B,PC-3
6528,1,PC-3  ,SLC5A5,PC-3
124583,1,PC-3  ,CANT1,PC-3
64772,1,PC-3  ,ENGASE,PC-3
788,1,PC-3  ,SLC25A20,PC-3
4669,1,PC-3  ,NAGLU,PC-3
412,1,PC-3  ,STS,PC-3
9060,1,PC-3  ,PAPSS2,PC-3
9061,1,PC-3  ,PAPSS1,PC-3
4191,0.958264658,PC-3  ,MDH2,PC-3
1717,0,PC-3  ,DHCR7,PC-3
2180,1,PC-3  ,ACSL1,PC-3
1579,1,PC-3  ,CYP4A11,PC-3
23761,0,PC-3  ,PISD,PC-3
1431,1,PC-3  ,CS,PC-3
6785,1,PC-3  ,ELOVL4,PC-3
2799,1,PC-3  ,GNS,PC-3
218,1,PC-3  ,ALDH3A1,PC-3
220,1,PC-3  ,ALDH1A3,PC-3
221,1,PC-3  ,ALDH3B1,PC-3
222,1,PC-3  ,ALDH3B2,PC-3
10195,1,PC-3  ,ALG3,PC-3
1103,1,PC-3  ,CHAT,PC-3
6515,1,PC-3  ,SLC2A3,PC-3
3177,1,PC-3  ,SLC29A2,PC-3
8705,1,PC-3  ,B3GALT4,PC-3
13,1,PC-3  ,AADAC,PC-3
217,1,PC-3  ,ALDH2,PC-3
219,1,PC-3  ,ALDH1B1,PC-3
4329,0.98428825,PC-3  ,ALDH6A1,PC-3
5832,1,PC-3  ,ALDH18A1,PC-3
7915,1,PC-3  ,ALDH5A1,PC-3
8659,1,PC-3  ,ALDH4A1,PC-3
10201,1,PC-3  ,NME6,PC-3
29922,1,PC-3  ,NME7,PC-3
4830,1,PC-3  ,NME1,PC-3
4831,1,PC-3  ,NME2,PC-3
4832,1,PC-3  ,NME3,PC-3
6509,1,PC-3  ,SLC1A4,PC-3
6510,1,PC-3  ,SLC1A5,PC-3
8972,1,PC-3  ,MGAM,PC-3
10390,1,PC-3  ,CEPT1,PC-3
56994,1,PC-3  ,CHPT1,PC-3
10690,1,PC-3  ,FUT9,PC-3
4524,1,PC-3  ,MTHFR,PC-3
6554,1,PC-3  ,SLC10A1,PC-3
6555,1,PC-3  ,SLC10A2,PC-3
7299,1,PC-3  ,TYR,PC-3
23600,1,PC-3  ,AMACR,PC-3
51005,1,PC-3  ,AMDHD2,PC-3
8884,1,PC-3  ,SLC5A6,PC-3
5091,1,PC-3  ,PC,PC-3
3295,0,PC-3  ,HSD17B4,PC-3
23315,1,PC-3  ,SLC9A8,PC-3
84679,1,PC-3  ,SLC9A7,PC-3
2683,1,PC-3  ,B4GALT1,PC-3
8703,1,PC-3  ,B4GALT3,PC-3
8704,1,PC-3  ,B4GALT2,PC-3
9334,1,PC-3  ,B4GALT5,PC-3
51727,0,PC-3  ,CMPK1,PC-3
2805,0.989671111,PC-3  ,GOT1,PC-3
1384,1,PC-3  ,CRAT,PC-3
1591,1,PC-3  ,CYP24A1,PC-3
5130,1,PC-3  ,PCYT1A,PC-3
9468,1,PC-3  ,PCYT1B,PC-3
3073,1,PC-3  ,HEXA,PC-3
3074,1,PC-3  ,HEXB,PC-3
411,1,PC-3  ,ARSB,PC-3
2650,1,PC-3  ,GCNT1,PC-3
51301,1,PC-3  ,GCNT4,PC-3
9245,1,PC-3  ,GCNT3,PC-3
4942,0.996731559,PC-3  ,OAT,PC-3
1109,1,PC-3  ,AKR1C4,PC-3
54490,1,PC-3  ,UGT2B28,PC-3
54575,1,PC-3  ,UGT1A10,PC-3
54576,1,PC-3  ,UGT1A8,PC-3
7363,1,PC-3  ,UGT2B4,PC-3
6567,1,PC-3  ,SLC16A2,PC-3
2030,1,PC-3  ,SLC29A1,PC-3
56301,1,PC-3  ,SLC7A10,PC-3
6520,1,PC-3  ,SLC3A2,PC-3
189,1,PC-3  ,AGXT,PC-3
84649,1,PC-3  ,DGAT2,PC-3
8694,1,PC-3  ,DGAT1,PC-3
8611,1,PC-3  ,PLPP1,PC-3
8612,1,PC-3  ,PLPP2,PC-3
8613,1,PC-3  ,PLPP3,PC-3
11001,1,PC-3  ,SLC27A2,PC-3
7372,0,PC-3  ,UMPS,PC-3
10599,1,PC-3  ,SLCO1B1,PC-3
28234,1,PC-3  ,SLCO1B3,PC-3
6579,1,PC-3  ,SLCO1A2,PC-3
2356,1,PC-3  ,FPGS,PC-3
10797,1,PC-3  ,MTHFD2,PC-3
25902,1,PC-3  ,MTHFD1L,PC-3
22856,1,PC-3  ,CHSY1,PC-3
337876,1,PC-3  ,CHSY3,PC-3
55454,1,PC-3  ,CSGALNACT2,PC-3
55790,1,PC-3  ,CSGALNACT1,PC-3
79586,1,PC-3  ,CHPF,PC-3
23417,1,PC-3  ,MLYCD,PC-3
2194,0,PC-3  ,FASN,PC-3
130752,1,PC-3  ,MDH1B,PC-3
4190,1,PC-3  ,MDH1,PC-3
58510,0.997636395,PC-3  ,PRODH2,PC-3
686,1,PC-3  ,BTD,PC-3
10873,1,PC-3  ,ME3,PC-3
4200,1,PC-3  ,ME2,PC-3
5048,1,PC-3  ,PAFAH1B1,PC-3
5049,1,PC-3  ,PAFAH1B2,PC-3
5050,1,PC-3  ,PAFAH1B3,PC-3
5051,1,PC-3  ,PAFAH2,PC-3
10610,1,PC-3  ,ST6GALNAC2,PC-3
10331,1,PC-3  ,B3GNT3,PC-3
79901,1,PC-3  ,CYBRD1,PC-3
4126,1,PC-3  ,MANBA,PC-3
1645,1,PC-3  ,AKR1C1,PC-3
122481,1,PC-3  ,AK7,PC-3
203,1,PC-3  ,AK1,PC-3
26289,1,PC-3  ,AK5,PC-3
1892,1,PC-3  ,ECHS1,PC-3
3030,1,PC-3  ,HADHA,PC-3
3032,1,PC-3  ,HADHB,PC-3
29958,1,PC-3  ,DMGDH,PC-3
57379,1,PC-3  ,AICDA,PC-3
10090,1,PC-3  ,UST,PC-3
240,1,PC-3  ,ALOX5,PC-3
2990,1,PC-3  ,GUSB,PC-3
6570,1,PC-3  ,SLC18A1,PC-3
6571,1,PC-3  ,SLC18A2,PC-3
253430,1,PC-3  ,IPMK,PC-3
11254,1,PC-3  ,SLC6A14,PC-3
34,1,PC-3  ,ACADM,PC-3
35,1,PC-3  ,ACADS,PC-3
7498,1,PC-3  ,XDH,PC-3
31,1,PC-3  ,ACACA,PC-3
32,1,PC-3  ,ACACB,PC-3
3176,1,PC-3  ,HNMT,PC-3
9152,1,PC-3  ,SLC6A5,PC-3
1807,1,PC-3  ,DPYS,PC-3
1808,1,PC-3  ,DPYSL2,PC-3
1809,1,PC-3  ,DPYSL3,PC-3
56953,1,PC-3  ,NT5M,PC-3
316,1,PC-3  ,AOX1,PC-3
22978,1,PC-3  ,NT5C2,PC-3
3141,1,PC-3  ,HLCS,PC-3
60386,1,PC-3  ,SLC25A19,PC-3
9420,1,PC-3  ,CYP7B1,PC-3
7173,1,PC-3  ,TPO,PC-3
8897,1,PC-3  ,MTMR3,PC-3
51268,1,PC-3  ,PIPOX,PC-3
30,1,PC-3  ,ACAA1,PC-3
1757,1,PC-3  ,SARDH,PC-3
6526,1,PC-3  ,SLC5A3,PC-3
6783,1,PC-3  ,SULT1E1,PC-3
2588,1,PC-3  ,GALNS,PC-3
2720,1,PC-3  ,GLB1,PC-3
4758,1,PC-3  ,NEU1,PC-3
5476,1,PC-3  ,CTSA,PC-3
1376,1,PC-3  ,CPT2,PC-3
64078,1,PC-3  ,SLC28A3,PC-3
3156,0,PC-3  ,HMGCR,PC-3
5287,1,PC-3  ,PIK3C2B,PC-3
85365,1,PC-3  ,ALG2,PC-3
117283,1,PC-3  ,IP6K3,PC-3
51447,1,PC-3  ,IP6K2,PC-3
9807,1,PC-3  ,IP6K1,PC-3
1962,1,PC-3  ,EHHADH,PC-3
51,1,PC-3  ,ACOX1,PC-3
6535,1,PC-3  ,SLC6A8,PC-3
6537,1,PC-3  ,SLC6A10P,PC-3
8836,1,PC-3  ,GGH,PC-3
211,1,PC-3  ,ALAS1,PC-3
212,1,PC-3  ,ALAS2,PC-3
23464,1,PC-3  ,GCAT,PC-3
223,1,PC-3  ,ALDH9A1,PC-3
6723,1,PC-3  ,SRM,PC-3
125206,1,PC-3  ,SLC5A10,PC-3
159963,1,PC-3  ,SLC5A12,PC-3
200010,1,PC-3  ,SLC5A9,PC-3
6524,1,PC-3  ,SLC5A2,PC-3
6548,1,PC-3  ,SLC9A1,PC-3
6549,1,PC-3  ,SLC9A2,PC-3
6550,1,PC-3  ,SLC9A3,PC-3
10164,1,PC-3  ,CHST4,PC-3
23563,1,PC-3  ,CHST5,PC-3
4166,1,PC-3  ,CHST6,PC-3
9435,1,PC-3  ,CHST2,PC-3
1610,1,PC-3  ,DAO,PC-3
5226,1,PC-3  ,PGD,PC-3
4833,1,PC-3  ,NME4,PC-3
18,1,PC-3  ,ABAT,PC-3
9942,0.999883721,PC-3  ,XYLB,PC-3
124935,1,PC-3  ,SLC43A2,PC-3
8501,1,PC-3  ,SLC43A1,PC-3
2987,0,PC-3  ,GUK1,PC-3
11046,1,PC-3  ,SLC35D2,PC-3
23443,1,PC-3  ,SLC35A3,PC-3
84912,1,PC-3  ,SLC35B4,PC-3
19,1,PC-3  ,ABCA1,PC-3
6578,1,PC-3  ,SLCO2A1,PC-3
10087,1,PC-3  ,CERT1,PC-3
790,0,PC-3  ,CAD,PC-3
23556,1,PC-3  ,PIGN,PC-3
1588,1,PC-3  ,CYP19A1,PC-3
1571,1,PC-3  ,CYP2E1,PC-3
6583,1,PC-3  ,SLC22A4,PC-3
22928,1,PC-3  ,SEPHS2,PC-3
22929,1,PC-3  ,SEPHS1,PC-3
4953,1,PC-3  ,ODC1,PC-3
8566,1,PC-3  ,PDXK,PC-3
54480,1,PC-3  ,CHPF2,PC-3
9380,1,PC-3  ,GRHPR,PC-3
3612,1,PC-3  ,IMPA1,PC-3
3613,1,PC-3  ,IMPA2,PC-3
9415,1,PC-3  ,FADS2,PC-3
6566,0.992033979,PC-3  ,SLC16A1,PC-3
7355,1,PC-3  ,SLC35A2,PC-3
50814,0,PC-3  ,NSDHL,PC-3
9563,1,PC-3  ,H6PD,PC-3
4363,1,PC-3  ,ABCC1,PC-3
4860,1,PC-3  ,PNP,PC-3
3284,1,PC-3  ,HSD3B2,PC-3
3620,1,PC-3  ,IDO1,PC-3
10846,1,PC-3  ,PDE10A,PC-3
50940,1,PC-3  ,PDE11A,PC-3
5136,1,PC-3  ,PDE1A,PC-3
5137,1,PC-3  ,PDE1C,PC-3
5138,1,PC-3  ,PDE2A,PC-3
5139,1,PC-3  ,PDE3A,PC-3
5140,1,PC-3  ,PDE3B,PC-3
5145,1,PC-3  ,PDE6A,PC-3
5146,1,PC-3  ,PDE6C,PC-3
5147,1,PC-3  ,PDE6D,PC-3
5148,1,PC-3  ,PDE6G,PC-3
5149,1,PC-3  ,PDE6H,PC-3
5152,1,PC-3  ,PDE9A,PC-3
5153,1,PC-3  ,PDE1B,PC-3
5158,1,PC-3  ,PDE6B,PC-3
8654,1,PC-3  ,PDE5A,PC-3
160287,1,PC-3  ,LDHAL6A,PC-3
3939,1,PC-3  ,LDHA,PC-3
3945,1,PC-3  ,LDHB,PC-3
3948,1,PC-3  ,LDHC,PC-3
55293,1,PC-3  ,UEVLD,PC-3
92483,1,PC-3  ,LDHAL6B,PC-3
343,1,PC-3  ,AQP8,PC-3
113026,1,PC-3  ,PLCD3,PC-3
23007,1,PC-3  ,PLCH1,PC-3
23236,1,PC-3  ,PLCB1,PC-3
257068,1,PC-3  ,PLCXD2,PC-3
51196,1,PC-3  ,PLCE1,PC-3
5330,1,PC-3  ,PLCB2,PC-3
5331,1,PC-3  ,PLCB3,PC-3
5332,1,PC-3  ,PLCB4,PC-3
5333,1,PC-3  ,PLCD1,PC-3
5334,1,PC-3  ,PLCL1,PC-3
5335,1,PC-3  ,PLCG1,PC-3
5336,1,PC-3  ,PLCG2,PC-3
84812,1,PC-3  ,PLCD4,PC-3
89869,1,PC-3  ,PLCZ1,PC-3
9651,1,PC-3  ,PLCH2,PC-3
5281,1,PC-3  ,PIGF,PC-3
54872,1,PC-3  ,PIGG,PC-3
8034,0.993407162,PC-3  ,SLC25A16,PC-3
8525,1,PC-3  ,DGKZ,PC-3
9162,1,PC-3  ,DGKI,PC-3
1786,1,PC-3  ,DNMT1,PC-3
1787,1,PC-3  ,TRDMT1,PC-3
1788,1,PC-3  ,DNMT3A,PC-3
1789,1,PC-3  ,DNMT3B,PC-3
56548,1,PC-3  ,CHST7,PC-3
9469,1,PC-3  ,CHST3,PC-3
229,1,PC-3  ,ALDOB,PC-3
318,1,PC-3  ,NUDT2,PC-3
2944,1,PC-3  ,GSTM1,PC-3
55301,1,PC-3  ,OLAH,PC-3
4123,1,PC-3  ,MAN2C1,PC-3
7941,1,PC-3  ,PLA2G7,PC-3
84920,1,PC-3  ,ALG10,PC-3
6580,1,PC-3  ,SLC22A1,PC-3
6582,1,PC-3  ,SLC22A2,PC-3
8140,1,PC-3  ,SLC7A5,PC-3
9197,1,PC-3  ,SLC33A1,PC-3
10723,1,PC-3  ,SLC12A7,PC-3
6560,1,PC-3  ,SLC12A4,PC-3
9990,1,PC-3  ,SLC12A6,PC-3
23475,1,PC-3  ,QPRT,PC-3
206358,1,PC-3  ,SLC36A1,PC-3
1891,1,PC-3  ,ECH1,PC-3
28231,1,PC-3  ,SLCO4A1,PC-3
53919,1,PC-3  ,SLCO1C1,PC-3
1543,1,PC-3  ,CYP1A1,PC-3
1544,1,PC-3  ,CYP1A2,PC-3
1545,1,PC-3  ,CYP1B1,PC-3
1557,1,PC-3  ,CYP2C19,PC-3
6513,1,PC-3  ,SLC2A1,PC-3
6514,1,PC-3  ,SLC2A2,PC-3
6576,1,PC-3  ,SLC25A1,PC-3
1718,0,PC-3  ,DHCR24,PC-3
27124,1,PC-3  ,INPP5J,PC-3
3632,1,PC-3  ,INPP5A,PC-3
3633,1,PC-3  ,INPP5B,PC-3
3635,1,PC-3  ,INPP5D,PC-3
3636,1,PC-3  ,INPPL1,PC-3
56623,1,PC-3  ,INPP5E,PC-3
8867,1,PC-3  ,SYNJ1,PC-3
2806,1,PC-3  ,GOT2,PC-3
6898,1,PC-3  ,TAT,PC-3
7296,1,PC-3  ,TXNRD1,PC-3
8574,1,PC-3  ,AKR7A2,PC-3
3423,1,PC-3  ,IDS,PC-3
2184,0.989671111,PC-3  ,FAH,PC-3
2752,1,PC-3  ,GLUL,PC-3
51557,1,PC-3  ,LGSN,PC-3
1593,1,PC-3  ,CYP27A1,PC-3
7357,1,PC-3  ,UGCG,PC-3
151531,1,PC-3  ,UPP2,PC-3
7378,1,PC-3  ,UPP1,PC-3
15,1,PC-3  ,AANAT,PC-3
7083,1,PC-3  ,TK1,PC-3
7084,1,PC-3  ,TK2,PC-3
5959,1,PC-3  ,RDH5,PC-3
64802,1,PC-3  ,NMNAT1,PC-3
10861,1,PC-3  ,SLC26A1,PC-3
1811,1,PC-3  ,SLC26A3,PC-3
1836,1,PC-3  ,SLC26A2,PC-3
5337,1,PC-3  ,PLD1,PC-3
4247,1,PC-3  ,MGAT2,PC-3
10841,1,PC-3  ,FTCD,PC-3
112724,1,PC-3  ,RDH13,PC-3
145226,1,PC-3  ,RDH12,PC-3
195814,1,PC-3  ,SDR16C5,PC-3
51109,1,PC-3  ,RDH11,PC-3
57665,1,PC-3  ,RDH14,PC-3
10905,1,PC-3  ,MAN1A2,PC-3
4121,1,PC-3  ,MAN1A1,PC-3
57134,1,PC-3  ,MAN1C1,PC-3
1629,0.985315772,PC-3  ,DBT,PC-3
1738,0.751326895,PC-3  ,DLD,PC-3
593,0.985315772,PC-3  ,BCKDHA,PC-3
594,1,PC-3  ,BCKDHB,PC-3
6523,1,PC-3  ,SLC5A1,PC-3
6563,1,PC-3  ,SLC14A1,PC-3
8170,1,PC-3  ,SLC14A2,PC-3
366,1,PC-3  ,AQP9,PC-3
84720,1,PC-3  ,PIGO,PC-3
162466,1,PC-3  ,PHOSPHO1,PC-3
6470,1,PC-3  ,SHMT1,PC-3
84532,1,PC-3  ,ACSS1,PC-3
6888,0.999651657,PC-3  ,TALDO1,PC-3
2131,1,PC-3  ,EXT1,PC-3
2132,1,PC-3  ,EXT2,PC-3
2134,1,PC-3  ,EXTL1,PC-3
2137,1,PC-3  ,EXTL3,PC-3
129807,1,PC-3  ,NEU4,PC-3
4759,1,PC-3  ,NEU2,PC-3
55191,1,PC-3  ,NADSYN1,PC-3
549,0.995247769,PC-3  ,AUH,PC-3
55577,1,PC-3  ,NAGK,PC-3
6309,0,PC-3  ,SC5D,PC-3
3294,1,PC-3  ,HSD17B2,PC-3
54407,1,PC-3  ,SLC38A2,PC-3
81539,1,PC-3  ,SLC38A1,PC-3
55315,1,PC-3  ,SLC29A3,PC-3
7390,1,PC-3  ,UROS,PC-3
80055,1,PC-3  ,PGAP1,PC-3
80235,1,PC-3  ,PIGZ,PC-3
175,1,PC-3  ,AGA,PC-3
2571,1,PC-3  ,GAD1,PC-3
9453,1,PC-3  ,GGPS1,PC-3
60490,1,PC-3  ,PPCDC,PC-3
10400,1,PC-3  ,PEMT,PC-3
10554,1,PC-3  ,AGPAT1,PC-3
10555,1,PC-3  ,AGPAT2,PC-3
137964,1,PC-3  ,GPAT4,PC-3
55326,1,PC-3  ,AGPAT5,PC-3
56894,1,PC-3  ,AGPAT3,PC-3
56895,1,PC-3  ,AGPAT4,PC-3
3425,1,PC-3  ,IDUA,PC-3
9514,1,PC-3  ,GAL3ST1,PC-3
2628,1,PC-3  ,GATM,PC-3
57026,1,PC-3  ,PDXP,PC-3
5728,1,PC-3  ,PTEN,PC-3
5172,1,PC-3  ,SLC26A4,PC-3
4907,1,PC-3  ,NT5E,PC-3
3658,1,PC-3  ,IREB2,PC-3
48,1,PC-3  ,ACO1,PC-3
55650,1,PC-3  ,PIGV,PC-3
1468,1,PC-3  ,SLC25A10,PC-3
51179,1,PC-3  ,HAO2,PC-3
54363,1,PC-3  ,HAO1,PC-3
27235,1,PC-3  ,COQ2,PC-3
79087,1,PC-3  ,ALG12,PC-3
2523,1,PC-3  ,FUT1,PC-3
6581,1,PC-3  ,SLC22A3,PC-3
847,1,PC-3  ,CAT,PC-3
53947,1,PC-3  ,A4GALT,PC-3
10327,1,PC-3  ,AKR1A1,PC-3
231,1,PC-3  ,AKR1B1,PC-3
1716,1,PC-3  ,DGUOK,PC-3
50808,1,PC-3  ,AK3,PC-3
2544,1,PC-3  ,SLC37A4,PC-3
10965,1,PC-3  ,ACOT2,PC-3
953,1,PC-3  ,ENTPD1,PC-3
954,1,PC-3  ,ENTPD2,PC-3
955,1,PC-3  ,ENTPD6,PC-3
956,1,PC-3  ,ENTPD3,PC-3
957,1,PC-3  ,ENTPD5,PC-3
64841,1,PC-3  ,GNPNAT1,PC-3
55089,1,PC-3  ,SLC38A4,PC-3
28232,1,PC-3  ,SLCO3A1,PC-3
9488,1,PC-3  ,PIGB,PC-3
6715,1,PC-3  ,SRD5A1,PC-3
6716,1,PC-3  ,SRD5A2,PC-3
8443,1,PC-3  ,GNPAT,PC-3
226,1,PC-3  ,ALDOA,PC-3
230,1,PC-3  ,ALDOC,PC-3
6487,1,PC-3  ,ST3GAL3,PC-3
100,1,PC-3  ,ADA,PC-3
5372,1,PC-3  ,PMM1,PC-3
5373,1,PC-3  ,PMM2,PC-3
55276,1,PC-3  ,PGM2,PC-3
6529,1,PC-3  ,SLC6A1,PC-3
6538,1,PC-3  ,SLC6A11,PC-3
6539,1,PC-3  ,SLC6A12,PC-3
6540,1,PC-3  ,SLC6A13,PC-3
8309,1,PC-3  ,ACOX2,PC-3
3712,0.995247769,PC-3  ,IVD,PC-3
23483,1,PC-3  ,TGDS,PC-3
23057,1,PC-3  ,NMNAT2,PC-3
349565,1,PC-3  ,NMNAT3,PC-3
2548,1,PC-3  ,GAA,PC-3
11226,1,PC-3  ,GALNT6,PC-3
11227,1,PC-3  ,GALNT5,PC-3
114805,1,PC-3  ,GALNT13,PC-3
117248,1,PC-3  ,GALNT15,PC-3
2589,1,PC-3  ,GALNT1,PC-3
2590,1,PC-3  ,GALNT2,PC-3
2591,1,PC-3  ,GALNT3,PC-3
26290,1,PC-3  ,GALNT8,PC-3
50614,1,PC-3  ,GALNT9,PC-3
51809,1,PC-3  ,GALNT7,PC-3
55568,1,PC-3  ,GALNT10,PC-3
63917,1,PC-3  ,GALNT11,PC-3
79623,1,PC-3  ,GALNT14,PC-3
79695,1,PC-3  ,GALNT12,PC-3
8693,1,PC-3  ,GALNT4,PC-3
6505,1,PC-3  ,SLC1A1,PC-3
6506,1,PC-3  ,SLC1A2,PC-3
6507,1,PC-3  ,SLC1A3,PC-3
6511,1,PC-3  ,SLC1A6,PC-3
6512,1,PC-3  ,SLC1A7,PC-3
39,0.971538604,PC-3  ,ACAT2,PC-3
10678,1,PC-3  ,B3GNT2,PC-3
1036,1,PC-3  ,CDO1,PC-3
6476,1,PC-3  ,SI,PC-3
57282,1,PC-3  ,SLC4A10,PC-3
9498,1,PC-3  ,SLC4A8,PC-3
6448,1,PC-3  ,SGSH,PC-3
2542,1,PC-3  ,SLC37A4,PC-3
239,1,PC-3  ,ALOX12,PC-3
23396,1,PC-3  ,PIP5K1C,PC-3
8394,1,PC-3  ,PIP5K1A,PC-3
8395,1,PC-3  ,PIP5K1B,PC-3
5092,1,PC-3  ,PCBD1,PC-3
4597,0,PC-3  ,MVD,PC-3
26,1,PC-3  ,AOC1,PC-3
314,1,PC-3  ,AOC2,PC-3
8639,1,PC-3  ,AOC3,PC-3
3251,1,PC-3  ,HPRT1,PC-3
26873,1,PC-3  ,OPLAH,PC-3
2655,1,PC-3  ,GGCT,PC-3
6472,1,PC-3  ,SHMT2,PC-3
5834,1,PC-3  ,PYGB,PC-3
5836,1,PC-3  ,PYGL,PC-3
5837,1,PC-3  ,PYGM,PC-3
2181,1,PC-3  ,ACSL3,PC-3
978,1,PC-3  ,CDA,PC-3
2766,1,PC-3  ,GMPR,PC-3
51292,1,PC-3  ,GMPR2,PC-3
2135,1,PC-3  ,EXTL2,PC-3
8802,0.954283087,PC-3  ,SUCLG1,PC-3
8803,1,PC-3  ,SUCLA2,PC-3
11041,1,PC-3  ,B4GAT1,PC-3
284208,1,PC-3  ,B3GNTL1,PC-3
374907,1,PC-3  ,B3GNT8,PC-3
79369,1,PC-3  ,B3GNT4,PC-3
93010,1,PC-3  ,B3GNT7,PC-3
2651,1,PC-3  ,GCNT2,PC-3
65010,1,PC-3  ,SLC26A6,PC-3
1583,1,PC-3  ,CYP11A1,PC-3
291,1,PC-3  ,SLC25A4,PC-3
292,1,PC-3  ,SLC25A5,PC-3
293,1,PC-3  ,SLC25A6,PC-3
3158,0.999320843,PC-3  ,HMGCS2,PC-3
587,1,PC-3  ,BCAT2,PC-3
3242,0.989671111,PC-3  ,HPD,PC-3
3293,1,PC-3  ,HSD17B3,PC-3
216,1,PC-3  ,ALDH1A1,PC-3
224,1,PC-3  ,ALDH3A2,PC-3
501,1,PC-3  ,ALDH7A1,PC-3
8854,1,PC-3  ,ALDH1A2,PC-3
10317,1,PC-3  ,B3GALT5,PC-3
27306,1,PC-3  ,HPGDS,PC-3
5730,1,PC-3  ,PTGDS,PC-3
29920,1,PC-3  ,PYCR2,PC-3
65263,1,PC-3  ,PYCR3,PC-3
3283,1,PC-3  ,HSD3B1,PC-3
3028,0.994778463,PC-3  ,HSD17B10,PC-3
11164,1,PC-3  ,NUDT5,PC-3
3418,1,PC-3  ,IDH2,PC-3
8310,1,PC-3  ,ACOX3,PC-3
8228,1,PC-3  ,PNPLA4,PC-3
23539,1,PC-3  ,SLC16A8,PC-3
9123,1,PC-3  ,SLC16A3,PC-3
9194,1,PC-3  ,SLC16A7,PC-3
4507,1,PC-3  ,MTAP,PC-3
53354,1,PC-3  ,PANK1,PC-3
55229,1,PC-3  ,PANK4,PC-3
79646,1,PC-3  ,PANK3,PC-3
80025,1,PC-3  ,PANK2,PC-3
8647,1,PC-3  ,ABCB11,PC-3
8714,1,PC-3  ,ABCC3,PC-3
8869,1,PC-3  ,ST3GAL5,PC-3
51477,1,PC-3  ,ISYNA1,PC-3
7364,1,PC-3  ,UGT2B7,PC-3
7367,1,PC-3  ,UGT2B17,PC-3
5236,1,PC-3  ,PGM1,PC-3
2348,1,PC-3  ,FOLR1,PC-3
2351,1,PC-3  ,,PC-3
2352,1,PC-3  ,FOLR3,PC-3
29906,1,PC-3  ,ST8SIA5,PC-3
10588,1,PC-3  ,MTHFS,PC-3
5833,1,PC-3  ,PCYT2,PC-3
2593,1,PC-3  ,GAMT,PC-3
4128,1,PC-3  ,MAOA,PC-3
4129,1,PC-3  ,MAOB,PC-3
79178,1,PC-3  ,THTPA,PC-3
5297,1,PC-3  ,PI4KA,PC-3
5298,1,PC-3  ,PI4KB,PC-3
55361,1,PC-3  ,PI4K2A,PC-3
113235,1,PC-3  ,SLC46A1,PC-3
10768,1,PC-3  ,AHCYL1,PC-3
191,1,PC-3  ,AHCY,PC-3
140679,1,PC-3  ,SLC32A1,PC-3
2653,0.905617873,PC-3  ,GCSH,PC-3
2731,0.905617873,PC-3  ,GLDC,PC-3
275,0.905617873,PC-3  ,AMT,PC-3
55902,1,PC-3  ,ACSS2,PC-3
30833,1,PC-3  ,NT5C,PC-3
64850,1,PC-3  ,ETNPPL,PC-3
64902,1,PC-3  ,AGXT2,PC-3
266722,1,PC-3  ,HS6ST3,PC-3
90161,1,PC-3  ,HS6ST2,PC-3
9394,1,PC-3  ,HS6ST1,PC-3
1638,1,PC-3  ,DCT,PC-3
2821,0.980037472,PC-3  ,GPI,PC-3
112611,1,PC-3  ,RWDD2A,PC-3
97,1,PC-3  ,ACYP1,PC-3
98,1,PC-3  ,ACYP2,PC-3
27232,1,PC-3  ,GNMT,PC-3
1312,1,PC-3  ,COMT,PC-3
10396,1,PC-3  ,ATP8A1,PC-3
57194,1,PC-3  ,ATP10A,PC-3
5471,0,PC-3  ,PPAT,PC-3
1854,1,PC-3  ,DUT,PC-3
3340,1,PC-3  ,NDST1,PC-3
64579,1,PC-3  ,NDST4,PC-3
8509,1,PC-3  ,NDST2,PC-3
9348,1,PC-3  ,NDST3,PC-3
3795,1,PC-3  ,KHK,PC-3
124,1,PC-3  ,ADH1A,PC-3
125,1,PC-3  ,ADH1B,PC-3
126,1,PC-3  ,ADH1C,PC-3
127,1,PC-3  ,ADH4,PC-3
128,1,PC-3  ,ADH5,PC-3
130,1,PC-3  ,ADH6,PC-3
131,1,PC-3  ,ADH7,PC-3
137872,1,PC-3  ,ADHFE1,PC-3
284273,1,PC-3  ,ZADH2,PC-3
28,1,PC-3  ,ABO,PC-3
11182,1,PC-3  ,SLC2A6,PC-3
144195,1,PC-3  ,SLC2A14,PC-3
154091,1,PC-3  ,SLC2A12,PC-3
155184,1,PC-3  ,SLC2A7,PC-3
29988,1,PC-3  ,SLC2A8,PC-3
56606,1,PC-3  ,SLC2A9,PC-3
6517,1,PC-3  ,SLC2A4,PC-3
66035,1,PC-3  ,SLC2A11,PC-3
81031,1,PC-3  ,SLC2A10,PC-3
5264,1,PC-3  ,PHYH,PC-3
27034,1,PC-3  ,ACAD8,PC-3
113189,1,PC-3  ,CHST14,PC-3
166012,1,PC-3  ,CHST13,PC-3
50515,1,PC-3  ,CHST11,PC-3
55501,1,PC-3  ,CHST12,PC-3
10026,1,PC-3  ,PIGK,PC-3
128869,1,PC-3  ,PIGU,PC-3
51604,1,PC-3  ,PIGT,PC-3
8733,1,PC-3  ,GPAA1,PC-3
94005,1,PC-3  ,PIGS,PC-3
36,1,PC-3  ,ACADSB,PC-3
51146,1,PC-3  ,A4GNT,PC-3
3034,0.994541209,PC-3  ,HAL,PC-3
10229,1,PC-3  ,COQ7,PC-3
4668,1,PC-3  ,NAGA,PC-3
8942,0.994602545,PC-3  ,KYNU,PC-3
6799,1,PC-3  ,SULT1A2,PC-3
6817,1,PC-3  ,SULT1A1,PC-3
6818,1,PC-3  ,SULT1A3,PC-3
1644,1,PC-3  ,DDC,PC-3
3067,1,PC-3  ,HDC,PC-3
2618,1,PC-3  ,GART,PC-3
197258,1,PC-3  ,FCSK,PC-3
2235,1,PC-3  ,FECH,PC-3
23169,1,PC-3  ,SLC35D1,PC-3
4245,1,PC-3  ,MGAT1,PC-3
4842,1,PC-3  ,NOS1,PC-3
4843,1,PC-3  ,NOS2,PC-3
4844,1,PC-3  ,NOS2P2,PC-3
4845,1,PC-3  ,NOS2P1,PC-3
4846,1,PC-3  ,NOS3,PC-3
10993,1,PC-3  ,SDS,PC-3
1603,1,PC-3  ,DAD1,PC-3
1650,1,PC-3  ,DDOST,PC-3
6184,1,PC-3  ,RPN1,PC-3
6185,1,PC-3  ,RPN2,PC-3
80142,1,PC-3  ,PTGES2,PC-3
9536,1,PC-3  ,PTGES,PC-3
2271,0.929995523,PC-3  ,FH,PC-3
246213,1,PC-3  ,SLC17A8,PC-3
57030,1,PC-3  ,SLC17A7,PC-3
57084,1,PC-3  ,SLC17A6,PC-3
2583,1,PC-3  ,B4GALNT1,PC-3
51227,1,PC-3  ,PIGP,PC-3
5277,1,PC-3  ,PIGA,PC-3
5279,1,PC-3  ,PIGC,PC-3
5283,1,PC-3  ,PIGH,PC-3
8818,1,PC-3  ,DPM2,PC-3
9091,1,PC-3  ,PIGQ,PC-3
376497,1,PC-3  ,SLC27A1,PC-3
54187,1,PC-3  ,NANS,PC-3
7841,1,PC-3  ,MOGS,PC-3
246,1,PC-3  ,ALOX15,PC-3
247,1,PC-3  ,ALOX15B,PC-3
410,1,PC-3  ,ARSA,PC-3
6319,1,PC-3  ,SCD,PC-3
10998,1,PC-3  ,SLC27A5,PC-3
1152,1,PC-3  ,CKB,PC-3
1158,1,PC-3  ,CKM,PC-3
3931,1,PC-3  ,LCAT,PC-3
27349,1,PC-3  ,MCAT,PC-3
10007,1,PC-3  ,GNPDA1,PC-3
132789,1,PC-3  ,GNPDA2,PC-3
5223,1,PC-3  ,PGAM1,PC-3
5224,1,PC-3  ,PGAM2,PC-3
669,1,PC-3  ,BPGM,PC-3
1586,1,PC-3  ,CYP17A1,PC-3
38,0.994778463,PC-3  ,ACAT1,PC-3
142680,1,PC-3  ,SLC34A3,PC-3
2224,0,PC-3  ,FDPS,PC-3
11285,1,PC-3  ,B4GALT7,PC-3
2629,1,PC-3  ,GBA,PC-3
10560,1,PC-3  ,SLC19A2,PC-3
80704,1,PC-3  ,SLC19A3,PC-3
6533,1,PC-3  ,SLC6A6,PC-3
6489,1,PC-3  ,ST8SIA1,PC-3
1581,1,PC-3  ,CYP7A1,PC-3
11253,1,PC-3  ,MAN1B1,PC-3
89874,0.989729454,PC-3  ,SLC25A21,PC-3
26227,0.735289407,PC-3  ,PHGDH,PC-3
2597,1,PC-3  ,GAPDH,PC-3
26330,1,PC-3  ,GAPDHS,PC-3
1589,1,PC-3  ,CYP21A2,PC-3
8534,1,PC-3  ,CHST1,PC-3
10257,1,PC-3  ,ABCC4,PC-3
5211,1,PC-3  ,PFKL,PC-3
5213,1,PC-3  ,PFKM,PC-3
5214,1,PC-3  ,PFKP,PC-3
118881,1,PC-3  ,COMTD1,PC-3
1118,1,PC-3  ,CHIT1,PC-3
27159,1,PC-3  ,CHIA,PC-3
54682,1,PC-3  ,MANSC1,PC-3
10057,1,PC-3  ,ABCC5,PC-3
6559,1,PC-3  ,SLC12A3,PC-3
9154,1,PC-3  ,SLC28A1,PC-3
7389,1,PC-3  ,UROD,PC-3
55312,1,PC-3  ,RFK,PC-3
383,1,PC-3  ,ARG1,PC-3
6649,1,PC-3  ,SOD3,PC-3
10157,0.997565907,PC-3  ,AASS,PC-3
1632,1,PC-3  ,ECI1,PC-3
8564,0.994602545,PC-3  ,KMO,PC-3
27430,1,PC-3  ,MAT2B,PC-3
4143,1,PC-3  ,MAT1A,PC-3
4144,1,PC-3  ,MAT2A,PC-3
5198,0,PC-3  ,PFAS,PC-3
3628,1,PC-3  ,INPP1,PC-3
1119,1,PC-3  ,CHKA,PC-3
1120,1,PC-3  ,CHKB,PC-3
30815,1,PC-3  ,ST6GALNAC6,PC-3
166785,1,PC-3  ,MMAA,PC-3
8528,1,PC-3  ,DDO,PC-3
1572,1,PC-3  ,CYP2F1,PC-3
134526,1,PC-3  ,ACOT12,PC-3
570,1,PC-3  ,BAAT,PC-3
6573,1,PC-3  ,SLC19A1,PC-3
2023,1,PC-3  ,ENO1,PC-3
2026,1,PC-3  ,ENO2,PC-3
2027,1,PC-3  ,ENO3,PC-3
26237,1,PC-3  ,,PC-3
3422,1,PC-3  ,IDI1,PC-3
91734,1,PC-3  ,IDI2,PC-3
29929,1,PC-3  ,ALG6,PC-3
51251,1,PC-3  ,NT5C3A,PC-3
471,0,PC-3  ,ATIC,PC-3
3990,1,PC-3  ,LIPC,PC-3
4837,1,PC-3  ,NNMT,PC-3
51302,1,PC-3  ,CYP39A1,PC-3
10870,1,PC-3  ,HCST,PC-3
23533,1,PC-3  ,PIK3R5,PC-3
5290,1,PC-3  ,PIK3CA,PC-3
5291,1,PC-3  ,PIK3CB,PC-3
5293,1,PC-3  ,PIK3CD,PC-3
5294,1,PC-3  ,PIK3CG,PC-3
5295,1,PC-3  ,PIK3R1,PC-3
5296,1,PC-3  ,PIK3R2,PC-3
8503,1,PC-3  ,PIK3R3,PC-3
9487,1,PC-3  ,PIGL,PC-3
11283,1,PC-3  ,CYP4F8,PC-3
290,1,PC-3  ,ANPEP,PC-3
5742,1,PC-3  ,PTGS1,PC-3
5743,1,PC-3  ,PTGS2,PC-3
644,1,PC-3  ,BLVRA,PC-3
645,1,PC-3  ,BLVRB,PC-3
3419,1,PC-3  ,IDH3A,PC-3
3420,1,PC-3  ,IDH3B,PC-3
3421,1,PC-3  ,IDH3G,PC-3
9058,1,PC-3  ,SLC13A2,PC-3
10402,1,PC-3  ,ST3GAL6,PC-3
55808,1,PC-3  ,ST6GALNAC1,PC-3
6518,1,PC-3  ,SLC2A5,PC-3
6534,1,PC-3  ,SLC6A7,PC-3
6342,1,PC-3  ,SCP2,PC-3
11309,1,PC-3  ,SLCO2B1,PC-3
64131,1,PC-3  ,XYLT1,PC-3
64132,1,PC-3  ,XYLT2,PC-3
6713,0,PC-3  ,SQLE,PC-3
1621,1,PC-3  ,DBH,PC-3
26002,1,PC-3  ,MOXD1,PC-3
2203,1,PC-3  ,FBP1,PC-3
8789,1,PC-3  ,FBP2,PC-3
80270,1,PC-3  ,HSD3B7,PC-3
9791,1,PC-3  ,PTDSS1,PC-3
1178,1,PC-3  ,CLC,PC-3
29124,1,PC-3  ,LGALS13,PC-3
5321,1,PC-3  ,PLA2G4A,PC-3
121278,1,PC-3  ,TPH2,PC-3
7166,1,PC-3  ,TPH1,PC-3
26279,1,PC-3  ,PLA2G2D,PC-3
30814,1,PC-3  ,PLA2G2E,PC-3
5319,1,PC-3  ,PLA2G1B,PC-3
5320,1,PC-3  ,PLA2G2A,PC-3
5322,1,PC-3  ,PLA2G5,PC-3
64600,1,PC-3  ,PLA2G2F,PC-3
81579,1,PC-3  ,PLA2G12A,PC-3
8399,1,PC-3  ,PLA2G10,PC-3
11181,1,PC-3  ,TREH,PC-3
2572,1,PC-3  ,GAD2,PC-3
51380,1,PC-3  ,CSAD,PC-3
64080,1,PC-3  ,RBKS,PC-3
1559,1,PC-3  ,CYP2C9,PC-3
8801,0.992340588,PC-3  ,SUCLG2,PC-3
6561,1,PC-3  ,SLC13A1,PC-3
8833,0,PC-3  ,GMPS,PC-3
23743,1,PC-3  ,BHMT2,PC-3
635,1,PC-3  ,BHMT,PC-3
5860,1,PC-3  ,QDPR,PC-3
1040,0.999704899,PC-3  ,CDS1,PC-3
23632,1,PC-3  ,CA14,PC-3
377677,1,PC-3  ,CA13,PC-3
759,1,PC-3  ,CA1,PC-3
760,1,PC-3  ,CA2,PC-3
761,1,PC-3  ,CA3,PC-3
762,1,PC-3  ,CA4,PC-3
766,1,PC-3  ,CA7,PC-3
768,1,PC-3  ,CA9,PC-3
771,1,PC-3  ,CA12,PC-3
2538,1,PC-3  ,G6PC,PC-3
57818,1,PC-3  ,G6PC2,PC-3
92579,1,PC-3  ,G6PC3,PC-3
9653,1,PC-3  ,HS2ST1,PC-3
52,1,PC-3  ,ACP1,PC-3
2746,1,PC-3  ,GLUD1,PC-3
2747,1,PC-3  ,GLUD2,PC-3
5286,1,PC-3  ,PIK3C2A,PC-3
5288,1,PC-3  ,PIK3C2G,PC-3
5289,1,PC-3  ,PIK3C3,PC-3
2632,1,PC-3  ,GBE1,PC-3
26062,1,PC-3  ,HYAL6P,PC-3
6557,1,PC-3  ,SLC12A1,PC-3
6558,1,PC-3  ,SLC12A2,PC-3
158,1,PC-3  ,ADSL,PC-3
2525,1,PC-3  ,FUT3,PC-3
55163,1,PC-3  ,PNPO,PC-3
5019,1,PC-3  ,OXCT1,PC-3
64064,1,PC-3  ,OXCT2,PC-3
171425,1,PC-3  ,CLYBL,PC-3
1584,1,PC-3  ,CYP11B1,PC-3
8608,1,PC-3  ,RDH16,PC-3
2182,1,PC-3  ,ACSL4,PC-3
22305,1,PC-3  ,Vmn2r37,PC-3
2762,1,PC-3  ,GMDS,PC-3
7371,1,PC-3  ,UCK2,PC-3
83549,1,PC-3  ,UCK1,PC-3
6543,1,PC-3  ,SLC8A2,PC-3
6546,1,PC-3  ,SLC8A1,PC-3
6547,1,PC-3  ,SLC8A3,PC-3
2974,1,PC-3  ,GUCY1B2,PC-3
2977,1,PC-3  ,GUCY1A2,PC-3
2982,1,PC-3  ,GUCY1A1,PC-3
2983,1,PC-3  ,GUCY1B1,PC-3
2984,1,PC-3  ,GUCY2C,PC-3
2986,1,PC-3  ,GUCY2F,PC-3
3000,1,PC-3  ,GUCY2D,PC-3
4881,1,PC-3  ,NPR1,PC-3
4882,1,PC-3  ,NPR2,PC-3
55217,1,PC-3  ,TMLHE,PC-3
10919,1,PC-3  ,EHMT2,PC-3
387893,1,PC-3  ,KMT5A,PC-3
58508,1,PC-3  ,KMT2C,PC-3
6839,1,PC-3  ,SUV39H1,PC-3
79723,1,PC-3  ,SUV39H2,PC-3
79813,1,PC-3  ,EHMT1,PC-3
80854,1,PC-3  ,SETD7,PC-3
83852,1,PC-3  ,SETDB2,PC-3
84444,1,PC-3  ,DOT1L,PC-3
9869,1,PC-3  ,SETDB1,PC-3
5238,1,PC-3  ,PGM3,PC-3
495,1,PC-3  ,ATP4A,PC-3
496,1,PC-3  ,ATP4B,PC-3
93034,1,PC-3  ,NT5C1B,PC-3
286016,1,PC-3  ,TPI1P2,PC-3
7167,1,PC-3  ,TPI1,PC-3
6482,1,PC-3  ,ST3GAL1,PC-3
6483,1,PC-3  ,ST3GAL2,PC-3
6484,1,PC-3  ,ST3GAL4,PC-3
51166,1,PC-3  ,AADAT,PC-3
883,1,PC-3  ,KYAT1,PC-3
1371,1,PC-3  ,CPOX,PC-3
50700,1,PC-3  ,RDH8,PC-3
5625,1,PC-3  ,PRODH,PC-3
2876,1,PC-3  ,GPX1,PC-3
2877,1,PC-3  ,GPX2,PC-3
2879,1,PC-3  ,GPX4,PC-3
5052,1,PC-3  ,PRDX1,PC-3
7001,1,PC-3  ,PRDX2,PC-3
57468,1,PC-3  ,SLC12A5,PC-3
11136,1,PC-3  ,SLC7A9,PC-3
276,1,PC-3  ,AMY1A,PC-3
277,1,PC-3  ,AMY1B,PC-3
278,1,PC-3  ,AMY1C,PC-3
279,1,PC-3  ,AMY2A,PC-3
280,1,PC-3  ,AMY2B,PC-3
6519,1,PC-3  ,SLC3A1,PC-3
197257,1,PC-3  ,LDHD,PC-3
7086,1,PC-3  ,TKT,PC-3
8277,1,PC-3  ,TKTL1,PC-3
84076,1,PC-3  ,TKTL2,PC-3
8398,1,PC-3  ,PLA2G6,PC-3
7263,1,PC-3  ,TST,PC-3
79053,1,PC-3  ,ALG8,PC-3
3992,1,PC-3  ,FADS1,PC-3
115584,1,PC-3  ,SLC5A11,PC-3
3417,1,PC-3  ,IDH1,PC-3
4353,1,PC-3  ,MPO,PC-3
57678,0,PC-3  ,GPAM,PC-3
51004,1,PC-3  ,COQ6,PC-3
5973,1,PC-3  ,RENBP,PC-3
8824,1,PC-3  ,CES2,PC-3
6584,1,PC-3  ,SLC22A5,PC-3
10312,1,PC-3  ,TCIRG1,PC-3
127124,1,PC-3  ,ATP6V1G3,PC-3
23545,1,PC-3  ,ATP6V0A2,PC-3
245972,1,PC-3  ,ATP6V0D2,PC-3
245973,1,PC-3  ,ATP6V1C2,PC-3
50617,1,PC-3  ,ATP6V0A4,PC-3
51382,1,PC-3  ,ATP6V1D,PC-3
51606,1,PC-3  ,ATP6V1H,PC-3
523,1,PC-3  ,ATP6V1A,PC-3
525,1,PC-3  ,ATP6V1B1,PC-3
526,1,PC-3  ,ATP6V1B2,PC-3
527,1,PC-3  ,ATP6V0C,PC-3
528,1,PC-3  ,ATP6V1C1,PC-3
529,1,PC-3  ,ATP6V1E1,PC-3
533,1,PC-3  ,ATP6V0B,PC-3
534,1,PC-3  ,ATP6V1G2,PC-3
535,1,PC-3  ,ATP6V0A1,PC-3
8992,1,PC-3  ,ATP6V0E1,PC-3
90423,1,PC-3  ,ATP6V1E2,PC-3
9114,1,PC-3  ,ATP6V0D1,PC-3
9296,1,PC-3  ,ATP6V1F,PC-3
9550,1,PC-3  ,ATP6V1G1,PC-3
26035,1,PC-3  ,GLCE,PC-3
284098,1,PC-3  ,PIGW,PC-3
221823,1,PC-3  ,PRPS1L1,PC-3
5631,1,PC-3  ,PRPS1,PC-3
5634,1,PC-3  ,PRPS2,PC-3
2937,1,PC-3  ,GSS,PC-3
115286,1,PC-3  ,SLC25A26,PC-3
1548,1,PC-3  ,CYP2A6,PC-3
1553,1,PC-3  ,CYP2A13,PC-3
10476,1,PC-3  ,ATP5PD,PC-3
10632,0.865477195,PC-3  ,ATP5MG,PC-3
4905,0.865477195,PC-3  ,NSF,PC-3
498,1,PC-3  ,ATP5F1A,PC-3
506,0.865477195,PC-3  ,ATP5F1B,PC-3
509,1,PC-3  ,ATP5F1C,PC-3
513,1,PC-3  ,ATP5F1D,PC-3
514,1,PC-3  ,ATP5F1E,PC-3
515,1,PC-3  ,ATP5PB,PC-3
516,1,PC-3  ,ATP5MC1,PC-3
517,1,PC-3  ,ATP5MC2,PC-3
518,1,PC-3  ,ATP5MC3,PC-3
521,0.865477195,PC-3  ,ATP5ME,PC-3
522,1,PC-3  ,ATP5PF,PC-3
9551,1,PC-3  ,ATP5MF,PC-3
1633,1,PC-3  ,DCK,PC-3
53343,1,PC-3  ,NUDT9,PC-3
9057,1,PC-3  ,SLC7A6,PC-3
80146,1,PC-3  ,UXS1,PC-3
443,1,PC-3  ,ASPA,PC-3
91703,1,PC-3  ,ACY3,PC-3
6240,0,PC-3  ,RRM1,PC-3
6241,0,PC-3  ,RRM2,PC-3
10682,0,PC-3  ,EBP,PC-3
57733,1,PC-3  ,GBA3,PC-3
2582,1,PC-3  ,GALE,PC-3
2645,1,PC-3  ,GCK,PC-3
3098,1,PC-3  ,HK1,PC-3
3099,1,PC-3  ,HK2,PC-3
3101,1,PC-3  ,HK3,PC-3
80201,1,PC-3  ,HKDC1,PC-3
53630,1,PC-3  ,BCO1,PC-3
10935,1,PC-3  ,PRDX3,PC-3
6697,1,PC-3  ,SPR,PC-3
55512,1,PC-3  ,SMPD3,PC-3
116255,1,PC-3  ,MOGAT1,PC-3
80168,1,PC-3  ,MOGAT2,PC-3
3290,1,PC-3  ,HSD11B1,PC-3
6718,1,PC-3  ,AKR1D1,PC-3
1719,0,PC-3  ,DHFR,PC-3
3162,1,PC-3  ,HMOX1,PC-3
3163,1,PC-3  ,HMOX2,PC-3
80347,1,PC-3  ,COASY,PC-3
51703,1,PC-3  ,ACSL5,PC-3
204,1,PC-3  ,AK2,PC-3
205,1,PC-3  ,AK4,PC-3
6530,1,PC-3  ,SLC6A2,PC-3
6531,1,PC-3  ,SLC6A3,PC-3
586,1,PC-3  ,BCAT1,PC-3
2592,1,PC-3  ,GALT,PC-3
29880,1,PC-3  ,ALG5,PC-3
43,1,PC-3  ,ACHE,PC-3
3704,1,PC-3  ,ITPA,PC-3
27068,1,PC-3  ,PPA2,PC-3
875,1,PC-3  ,CBS,PC-3
8706,1,PC-3  ,B3GALNT1,PC-3
56474,1,PC-3  ,CTPS2,PC-3
6574,1,PC-3  ,SLC20A1,PC-3
6575,1,PC-3  ,SLC20A2,PC-3
1743,0.926763175,PC-3  ,DLST,PC-3
4967,1,PC-3  ,OGDH,PC-3
8050,0.862298569,PC-3  ,PDHX,PC-3
622,1,PC-3  ,BDH1,PC-3
54675,1,PC-3  ,CRLS1,PC-3
115019,1,PC-3  ,SLC26A9,PC-3
115111,1,PC-3  ,SLC26A7,PC-3
116369,1,PC-3  ,SLC26A8,PC-3
10991,1,PC-3  ,SLC38A3,PC-3
92745,1,PC-3  ,SLC38A5,PC-3
60482,1,PC-3  ,SLC5A7,PC-3
1723,0,PC-3  ,DHODH,PC-3
10020,1,PC-3  ,GNE,PC-3
10050,1,PC-3  ,SLC17A4,PC-3
10246,1,PC-3  ,SLC17A2,PC-3
10786,1,PC-3  ,SLC17A3,PC-3
6568,1,PC-3  ,SLC17A1,PC-3
1594,1,PC-3  ,CYP27B1,PC-3
1565,1,PC-3  ,CYP2D6,PC-3
200576,1,PC-3  ,PIKFYVE,PC-3
5305,1,PC-3  ,PIP4K2A,PC-3
79837,1,PC-3  ,PIP4K2C,PC-3
8396,1,PC-3  ,PIP4K2B,PC-3
26301,1,PC-3  ,GBGT1,PC-3
2110,1,PC-3  ,ETFDH,PC-3
8879,1,PC-3  ,SGPL1,PC-3
54981,1,PC-3  ,NMRK1,PC-3
1841,1,PC-3  ,DTYMK,PC-3
210,1,PC-3  ,ALAD,PC-3
1551,1,PC-3  ,CYP3A7,PC-3
7264,1,PC-3  ,TSTA3,PC-3
123041,1,PC-3  ,SLC24A4,PC-3
25769,1,PC-3  ,SLC24A2,PC-3
57419,1,PC-3  ,SLC24A3,PC-3
9187,1,PC-3  ,SLC24A1,PC-3
57171,1,PC-3  ,DOLPP1,PC-3
10165,1,PC-3  ,SLC25A13,PC-3
8604,1,PC-3  ,SLC25A12,PC-3
5207,1,PC-3  ,PFKFB1,PC-3
5208,1,PC-3  ,PFKFB2,PC-3
5209,1,PC-3  ,PFKFB3,PC-3
5210,1,PC-3  ,PFKFB4,PC-3
2729,1,PC-3  ,GCLC,PC-3
2730,1,PC-3  ,GCLM,PC-3
2678,1,PC-3  ,GGT1,PC-3
2679,1,PC-3  ,GGT3P,PC-3
56848,1,PC-3  ,SPHK2,PC-3
348477,1,PC-3  ,MIA3,PC-3
5230,1,PC-3  ,PGK1,PC-3
5232,1,PC-3  ,PGK2,PC-3
2992,1,PC-3  ,GYG1,PC-3
2997,1,PC-3  ,GYS1,PC-3
2998,1,PC-3  ,GYS2,PC-3
8908,1,PC-3  ,GYG2,PC-3
81537,1,PC-3  ,SGPP1,PC-3
5805,1,PC-3  ,PTS,PC-3
65985,0.971538604,PC-3  ,AACS,PC-3
9615,1,PC-3  ,GDA,PC-3
5095,0.994778463,PC-3  ,PCCA,PC-3
5096,0.994778463,PC-3  ,PCCB,PC-3
2673,1,PC-3  ,GFPT1,PC-3
9945,1,PC-3  ,GFPT2,PC-3
55224,1,PC-3  ,ETNK2,PC-3
55500,1,PC-3  ,ETNK1,PC-3
438,1,PC-3  ,ASMT,PC-3
1595,0,PC-3  ,CYP51A1,PC-3
10975,0,PC-3  ,UQCR11,PC-3
1537,0,PC-3  ,CYC1,PC-3
27089,0,PC-3  ,UQCRQ,PC-3
29796,1,PC-3  ,UQCR10,PC-3
4519,0,PC-3  ,CYTB,PC-3
7381,0,PC-3  ,UQCRB,PC-3
7384,0,PC-3  ,UQCRC1,PC-3
7385,0,PC-3  ,UQCRC2,PC-3
7386,0,PC-3  ,UQCRFS1,PC-3
7388,0,PC-3  ,UQCRH,PC-3
5831,1,PC-3  ,PYCR1,PC-3
10166,1,PC-3  ,SLC25A15,PC-3
83884,1,PC-3  ,SLC25A2,PC-3
2936,1,PC-3  ,GSR,PC-3
55350,1,PC-3  ,VNN3,PC-3
8875,1,PC-3  ,VNN2,PC-3
8876,1,PC-3  ,VNN1,PC-3
114134,1,PC-3  ,SLC2A13,PC-3
10606,0,PC-3  ,PAICS,PC-3
4048,1,PC-3  ,LTA4H,PC-3
347734,1,PC-3  ,SLC35B2,PC-3
51540,1,PC-3  ,SCLY,PC-3
1582,1,PC-3  ,CYP8B1,PC-3
47,1,PC-3  ,ACLY,PC-3
6120,1,PC-3  ,RPE,PC-3
112483,1,PC-3  ,SAT2,PC-3
6303,1,PC-3  ,SAT1,PC-3
107,1,PC-3  ,ADCY1,PC-3
108,1,PC-3  ,ADCY2,PC-3
109,1,PC-3  ,ADCY3,PC-3
111,1,PC-3  ,ADCY5,PC-3
112,1,PC-3  ,ADCY6,PC-3
113,1,PC-3  ,ADCY7,PC-3
114,1,PC-3  ,ADCY8,PC-3
115,1,PC-3  ,ADCY9,PC-3
196883,1,PC-3  ,ADCY4,PC-3
55811,1,PC-3  ,ADCY10,PC-3
135152,1,PC-3  ,B3GAT2,PC-3
26229,1,PC-3  ,B3GAT3,PC-3
27087,1,PC-3  ,B3GAT1,PC-3
57835,1,PC-3  ,SLC4A5,PC-3
8671,1,PC-3  ,SLC4A4,PC-3
6307,0,PC-3  ,MSMO1,PC-3
5409,1,PC-3  ,PNMT,PC-3
8760,1,PC-3  ,CDS2,PC-3
10840,1,PC-3  ,ALDH1L1,PC-3
11185,1,PC-3  ,INMT,PC-3
952,1,PC-3  ,CD38,PC-3
6647,1,PC-3  ,SOD1,PC-3
23657,1,PC-3  ,SLC7A11,PC-3
10558,0,PC-3  ,SPTLC1,PC-3
9517,0,PC-3  ,SPTLC2,PC-3
7054,1,PC-3  ,TH,PC-3
160728,1,PC-3  ,SLC5A8,PC-3
435,1,PC-3  ,ASL,PC-3
9962,1,PC-3  ,SLC23A2,PC-3
9963,1,PC-3  ,SLC23A1,PC-3
9497,1,PC-3  ,SLC4A7,PC-3
2717,1,PC-3  ,GLA,PC-3
64816,1,PC-3  ,CYP3A43,PC-3
23382,1,PC-3  ,AHCYL2,PC-3
6999,0.994602545,PC-3  ,TDO2,PC-3
26503,1,PC-3  ,SLC17A5,PC-3
23428,1,PC-3  ,SLC7A8,PC-3
2710,1,PC-3  ,GK,PC-3
2712,1,PC-3  ,GK2,PC-3
2713,1,PC-3  ,GK3P,PC-3
2875,1,PC-3  ,GPT,PC-3
84706,1,PC-3  ,GPT2,PC-3
10423,1,PC-3  ,CDIPT,PC-3
1576,1,PC-3  ,CYP3A4,PC-3
23478,1,PC-3  ,SEC11A,PC-3
28972,1,PC-3  ,SPCS1,PC-3
60559,1,PC-3  ,SPCS3,PC-3
90701,1,PC-3  ,SEC11C,PC-3
9789,1,PC-3  ,SPCS2,PC-3
4199,1,PC-3  ,ME1,PC-3
2519,1,PC-3  ,FUCA2,PC-3
445,1,PC-3  ,ASS1,PC-3
55907,1,PC-3  ,CMAS,PC-3
2745,1,PC-3  ,GLRX,PC-3
51022,1,PC-3  ,GLRX2,PC-3
4952,1,PC-3  ,OCRL,PC-3
8871,1,PC-3  ,SYNJ2,PC-3
6652,1,PC-3  ,SORD,PC-3
27115,1,PC-3  ,PDE7B,PC-3
5141,1,PC-3  ,PDE4A,PC-3
5142,1,PC-3  ,PDE4B,PC-3
5143,1,PC-3  ,PDE4C,PC-3
5144,1,PC-3  ,PDE4D,PC-3
5150,1,PC-3  ,PDE7A,PC-3
5151,1,PC-3  ,PDE8A,PC-3
8622,1,PC-3  ,PDE8B,PC-3
6646,0,PC-3  ,SOAT1,PC-3
51733,1,PC-3  ,UPB1,PC-3
23498,0.994602545,PC-3  ,HAAO,PC-3
26275,1,PC-3  ,HIBCH,PC-3
5053,0.994778463,PC-3  ,PAH,PC-3
50506,1,PC-3  ,DUOX2,PC-3
53905,1,PC-3  ,DUOX1,PC-3
2820,1,PC-3  ,GPD2,PC-3
56052,1,PC-3  ,ALG1,PC-3
1558,1,PC-3  ,CYP2C8,PC-3
2530,1,PC-3  ,FUT8,PC-3
3631,1,PC-3  ,INPP4A,PC-3
8821,1,PC-3  ,INPP4B,PC-3
10005,1,PC-3  ,ACOT8,PC-3
9153,1,PC-3  ,SLC28A2,PC-3
10654,0,PC-3  ,PMVK,PC-3
8560,1,PC-3  ,DEGS1,PC-3
9023,1,PC-3  ,CH25H,PC-3
5338,1,PC-3  ,PLD2,PC-3
3938,1,PC-3  ,LCT,PC-3
2531,0,PC-3  ,KDSR,PC-3
259230,0,PC-3  ,SGMS1,PC-3
2643,1,PC-3  ,GCH1,PC-3
162417,1,PC-3  ,NAGS,PC-3
3155,1,PC-3  ,HMGCL,PC-3
9489,1,PC-3  ,PGS1,PC-3
57127,1,PC-3  ,RHBG,PC-3
6005,1,PC-3  ,RHAG,PC-3
84735,1,PC-3  ,CNDP1,PC-3
26266,1,PC-3  ,SLC13A4,PC-3
11282,1,PC-3  ,MGAT4B,PC-3
11320,1,PC-3  ,MGAT4A,PC-3
55343,1,PC-3  ,SLC35C1,PC-3
6536,1,PC-3  ,SLC6A9,PC-3
178,1,PC-3  ,AGL,PC-3
2584,1,PC-3  ,GALK1,PC-3
2585,1,PC-3  ,GALK2,PC-3
1562,1,PC-3  ,CYP2C18,PC-3
23439,1,PC-3  ,ATP1B4,PC-3
476,1,PC-3  ,ATP1A1,PC-3
477,1,PC-3  ,ATP1A2,PC-3
478,1,PC-3  ,ATP1A3,PC-3
480,1,PC-3  ,ATP1A4,PC-3
481,1,PC-3  ,ATP1B1,PC-3
482,1,PC-3  ,ATP1B2,PC-3
483,1,PC-3  ,ATP1B3,PC-3
10380,1,PC-3  ,BPNT1,PC-3
4357,1,PC-3  ,MPST,PC-3
122622,1,PC-3  ,ADSSL1,PC-3
159,1,PC-3  ,ADSS,PC-3
257202,1,PC-3  ,GPX6,PC-3
2878,1,PC-3  ,GPX3,PC-3
1798,1,PC-3  ,DPAGT1,PC-3
6916,1,PC-3  ,TBXAS1,PC-3
8402,1,PC-3  ,SLC25A11,PC-3
80150,0.997654123,PC-3  ,ASRGL1,PC-3
4056,1,PC-3  ,LTC4S,PC-3
4258,1,PC-3  ,MGST2,PC-3
4259,1,PC-3  ,MGST3,PC-3
157506,1,PC-3  ,RDH10,PC-3
54344,1,PC-3  ,DPM3,PC-3
8813,1,PC-3  ,DPM1,PC-3
248,1,PC-3  ,ALPI,PC-3
249,1,PC-3  ,ALPL,PC-3
250,1,PC-3  ,ALPP,PC-3
251,1,PC-3  ,ALPG,PC-3
11212,1,PC-3  ,PLPBP,PC-3
28976,1,PC-3  ,ACAD9,PC-3
80724,1,PC-3  ,ACAD10,PC-3
84129,1,PC-3  ,ACAD11,PC-3
117247,1,PC-3  ,SLC16A10,PC-3
1737,0.896977168,PC-3  ,DLAT,PC-3
5160,1,PC-3  ,PDHA1,PC-3
5161,1,PC-3  ,PDHA2,PC-3
5162,0.896977168,PC-3  ,PDHB,PC-3
50,1,PC-3  ,ACO2,PC-3
5167,1,PC-3  ,ENPP1,PC-3
5168,1,PC-3  ,ENPP2,PC-3
5169,1,PC-3  ,ENPP3,PC-3
65220,1,PC-3  ,NADK,PC-3
79717,1,PC-3  ,PPCS,PC-3
873,1,PC-3  ,CBR1,PC-3
66002,1,PC-3  ,CYP4F12,PC-3
116285,1,PC-3  ,ACSM1,PC-3
79751,1,PC-3  ,SLC25A22,PC-3
83733,1,PC-3  ,SLC25A18,PC-3
50487,1,PC-3  ,PLA2G3,PC-3
427,1,PC-3  ,ASAH1,PC-3
54965,1,PC-3  ,PIGX,PC-3
93183,1,PC-3  ,PIGM,PC-3
2739,1,PC-3  ,GLO1,PC-3
56913,1,PC-3  ,C1GALT1,PC-3
4548,1,PC-3  ,MTR,PC-3
84693,0.994778463,PC-3  ,MCEE,PC-3
10559,1,PC-3  ,SLC35A1,PC-3
8288,1,PC-3  ,EPX,PC-3
490,1,PC-3  ,ATP2B1,PC-3
491,1,PC-3  ,ATP2B2,PC-3
492,1,PC-3  ,ATP2B3,PC-3
493,1,PC-3  ,ATP2B4,PC-3
4522,1,PC-3  ,MTHFD1,PC-3
353,1,PC-3  ,APRT,PC-3
6565,1,PC-3  ,SLC15A2,PC-3
1585,1,PC-3  ,CYP11B2,PC-3
5464,1,PC-3  ,PPA1,PC-3
5244,1,PC-3  ,ABCB4,PC-3
5033,1,PC-3  ,P4HA1,PC-3
5034,1,PC-3  ,P4HB,PC-3
8974,1,PC-3  ,P4HA2,PC-3
7359,1,PC-3  ,UGP2,PC-3
7360,1,PC-3  ,UGP2,PC-3
10999,1,PC-3  ,SLC27A4,PC-3
11000,1,PC-3  ,SLC27A3,PC-3
81490,1,PC-3  ,PTDSS2,PC-3
4023,0,PC-3  ,LPL,PC-3
3291,1,PC-3  ,HSD11B2,PC-3
3081,0.989671111,PC-3  ,HGD,PC-3
10587,1,PC-3  ,TXNRD2,PC-3
114112,1,PC-3  ,TXNRD3,PC-3
6611,1,PC-3  ,SMS,PC-3
3145,1,PC-3  ,HMBS,PC-3
54511,1,PC-3  ,HMGCLL1,PC-3
6572,1,PC-3  ,SLC18A3,PC-3
5740,1,PC-3  ,PTGIS,PC-3
262,1,PC-3  ,AMD1,PC-3
6820,1,PC-3  ,SULT2B1,PC-3
3029,1,PC-3  ,HAGH,PC-3
124637,1,PC-3  ,CYB5D1,PC-3
22934,0,PC-3  ,RPIA,PC-3
286297,1,PC-3  ,LOC286297,PC-3
1806,1,PC-3  ,DPYD,PC-3
3036,1,PC-3  ,HAS1,PC-3
3037,1,PC-3  ,HAS2,PC-3
3038,1,PC-3  ,HAS3,PC-3
5498,1,PC-3  ,PPOX,PC-3
131669,0.994541209,PC-3  ,UROC1,PC-3
6508,1,PC-3  ,SLC4A3,PC-3
6521,1,PC-3  ,SLC4A1,PC-3
6522,1,PC-3  ,SLC4A2,PC-3
83697,1,PC-3  ,SLC4A9,PC-3
55268,1,PC-3  ,ECHDC2,PC-3
5105,1,PC-3  ,PCK1,PC-3
242,1,PC-3  ,ALOX12B,PC-3
256435,1,PC-3  ,ST6GALNAC3,PC-3
81849,1,PC-3  ,ST6GALNAC5,PC-3
54677,1,PC-3  ,CROT,PC-3
2595,1,PC-3  ,GANC,PC-3
1503,1,PC-3  ,CTPS1,PC-3
11112,0.995306448,PC-3  ,HIBADH,PC-3
79896,1,PC-3  ,THNSL1,PC-3
6675,1,PC-3  ,UAP1,PC-3
91373,1,PC-3  ,UAP1L1,PC-3
64849,1,PC-3  ,SLC13A3,PC-3
64781,1,PC-3  ,CERK,PC-3
130013,0.994602545,PC-3  ,ACMSD,PC-3
55349,1,PC-3  ,CHDH,PC-3
4122,1,PC-3  ,MAN2A2,PC-3
4124,1,PC-3  ,MAN2A1,PC-3
284111,1,PC-3  ,SLC13A5,PC-3
84002,1,PC-3  ,B3GNT5,PC-3
10948,1,PC-3  ,STARD3,PC-3
5106,1,PC-3  ,PCK2,PC-3
84264,1,PC-3  ,HAGHL,PC-3
7350,1,PC-3  ,UCP1,PC-3
7351,1,PC-3  ,UCP2,PC-3
7352,1,PC-3  ,UCP3,PC-3
9016,1,PC-3  ,SLC25A14,PC-3
9481,1,PC-3  ,SLC25A27,PC-3
23530,1,PC-3  ,NNT,PC-3
1606,1,PC-3  ,DGKA,PC-3
1607,1,PC-3  ,DGKB,PC-3
1608,1,PC-3  ,DGKG,PC-3
160851,1,PC-3  ,DGKH,PC-3
1609,1,PC-3  ,DGKQ,PC-3
8526,1,PC-3  ,DGKE,PC-3
8527,1,PC-3  ,DGKD,PC-3
80162,1,PC-3  ,PGGHG,PC-3
27010,1,PC-3  ,TPK1,PC-3
2639,1,PC-3  ,GCDH,PC-3
1159,1,PC-3  ,CKMT1B,PC-3
1160,1,PC-3  ,CKMT2,PC-3
8540,1,PC-3  ,AGPS,PC-3
4594,0.9900798,PC-3  ,MMUT,PC-3
2098,1,PC-3  ,ESD,PC-3
9583,1,PC-3  ,ENTPD4,PC-3
6532,1,PC-3  ,SLC6A4,PC-3
113451,1,PC-3  ,AZIN2,PC-3
79814,1,PC-3  ,AGMAT,PC-3
6480,1,PC-3  ,ST6GAL1,PC-3
1635,1,PC-3  ,DCTD,PC-3
2687,1,PC-3  ,GGT5,PC-3
51478,1,PC-3  ,HSD17B7,PC-3
5723,1,PC-3  ,PSPH,PC-3
8781,1,PC-3  ,PSPHP1,PC-3
4051,1,PC-3  ,CYP4F3,PC-3
8529,1,PC-3  ,CYP4F2,PC-3
5240,1,PC-3  ,PGP,PC-3
27165,1,PC-3  ,GLS2,PC-3
2744,1,PC-3  ,GLS,PC-3
2539,1,PC-3  ,G6PD,PC-3
8790,1,PC-3  ,FPGT,PC-3
284129,1,PC-3  ,SLC26A11,PC-3
440,1,PC-3  ,ASNS,PC-3
7306,1,PC-3  ,TYRP1,PC-3
11238,1,PC-3  ,CA5B,PC-3
763,1,PC-3  ,CA5A,PC-3
29925,1,PC-3  ,GMPPB,PC-3
29926,1,PC-3  ,GMPPA,PC-3
285216,1,PC-3  ,MTHFD2P1,PC-3
80068,1,PC-3  ,MTHFD2L,PC-3
64711,1,PC-3  ,HS3ST6,PC-3
9951,1,PC-3  ,HS3ST4,PC-3
9952,1,PC-3  ,,PC-3
9953,1,PC-3  ,HS3ST3B1,PC-3
9954,1,PC-3  ,,PC-3
9955,1,PC-3  ,HS3ST3A1,PC-3
222537,1,PC-3  ,HS3ST5,PC-3
9956,1,PC-3  ,HS3ST2,PC-3
9056,1,PC-3  ,SLC7A7,PC-3
3033,1,PC-3  ,HADH,PC-3
10858,1,PC-3  ,CYP46A1,PC-3
4598,0,PC-3  ,MVK,PC-3
1491,1,PC-3  ,CTH,PC-3
1577,1,PC-3  ,CYP3A5,PC-3
1373,1,PC-3  ,CPS1,PC-3
3906,1,PC-3  ,LALBA,PC-3
11343,1,PC-3  ,MGLL,PC-3
3292,1,PC-3  ,HSD17B1,PC-3
7923,1,PC-3  ,HSD17B8,PC-3
29968,1,PC-3  ,PSAT1,PC-3
1890,1,PC-3  ,TYMP,PC-3
5351,1,PC-3  ,PLOD1,PC-3
5352,1,PC-3  ,PLOD2,PC-3
8985,1,PC-3  ,PLOD3,PC-3
2581,1,PC-3  ,GALC,PC-3
2819,0,PC-3  ,GPD1,PC-3
10568,1,PC-3  ,SLC34A2,PC-3
6569,1,PC-3  ,SLC34A1,PC-3
4249,1,PC-3  ,MGAT5,PC-3
4047,0,PC-3  ,LSS,PC-3
4351,1,PC-3  ,MPI,PC-3
4125,1,PC-3  ,MAN2B1,PC-3
6821,1,PC-3  ,SUOX,PC-3
51805,1,PC-3  ,COQ3,PC-3
384,1,PC-3  ,ARG2,PC-3
192134,1,PC-3  ,B3GNT6,PC-3
113452,1,PC-3  ,TMEM54,PC-3
5313,1,PC-3  ,PKLR,PC-3
5315,1,PC-3  ,PKM,PC-3
8424,1,PC-3  ,BBOX1,PC-3
3614,1,PC-3  ,IMPDH1,PC-3
3615,1,PC-3  ,IMPDH2,PC-3
25796,1,PC-3  ,PGLS,PC-3
125965,0,PC-3  ,COX6B2,PC-3
1327,0,PC-3  ,COX4I1,PC-3
1329,0,PC-3  ,COX5B,PC-3
1337,0,PC-3  ,COX6A1,PC-3
1339,0,PC-3  ,COX6A2,PC-3
1340,0,PC-3  ,COX6B1,PC-3
1345,0,PC-3  ,COX6C,PC-3
1346,0,PC-3  ,COX7A1,PC-3
1347,0,PC-3  ,COX7A2,PC-3
1349,0,PC-3  ,COX7B,PC-3
1350,0,PC-3  ,COX7C,PC-3
1351,0,PC-3  ,COX8A,PC-3
170712,0,PC-3  ,COX7B2,PC-3
341947,0,PC-3  ,COX8C,PC-3
4512,0,PC-3  ,COX1,PC-3
4513,0,PC-3  ,COX2,PC-3
4514,0,PC-3  ,COX3,PC-3
84701,0,PC-3  ,COX4I2,PC-3
9167,0,PC-3  ,COX7A2L,PC-3
9377,0,PC-3  ,COX5A,PC-3
2517,1,PC-3  ,FUCA1,PC-3
5406,1,PC-3  ,PNLIP,PC-3
5407,1,PC-3  ,PNLIPRP1,PC-3
5408,1,PC-3  ,PNLIPRP2,PC-3
8513,1,PC-3  ,LIPF,PC-3
9388,1,PC-3  ,LIPG,PC-3
6389,0.936297658,PC-3  ,SDHA,PC-3
6390,0.936297658,PC-3  ,SDHB,PC-3
6391,0.936297658,PC-3  ,SDHC,PC-3
6392,0.936297658,PC-3  ,SDHD,PC-3
2222,0,PC-3  ,FDFT1,PC-3
126328,1,PC-3  ,NDUFA11,PC-3
374291,1,PC-3  ,NDUFS7,PC-3
4535,1,PC-3  ,ND1,PC-3
4536,1,PC-3  ,ND2,PC-3
4537,1,PC-3  ,ND3,PC-3
4538,1,PC-3  ,ND4,PC-3
4539,1,PC-3  ,ND4L,PC-3
4540,1,PC-3  ,ND5,PC-3
4541,1,PC-3  ,ND6,PC-3
4694,1,PC-3  ,NDUFA1,PC-3
4695,1,PC-3  ,NDUFA2,PC-3
4696,1,PC-3  ,NDUFA3,PC-3
4697,1,PC-3  ,NDUFA4,PC-3
4698,1,PC-3  ,NDUFA5,PC-3
4700,1,PC-3  ,NDUFA6,PC-3
4701,1,PC-3  ,NDUFA7,PC-3
4702,1,PC-3  ,NDUFA8,PC-3
4704,1,PC-3  ,NDUFA9,PC-3
4705,1,PC-3  ,NDUFA10,PC-3
4706,1,PC-3  ,NDUFAB1,PC-3
4707,1,PC-3  ,NDUFB1,PC-3
4708,1,PC-3  ,NDUFB2,PC-3
4709,1,PC-3  ,NDUFB3,PC-3
4710,1,PC-3  ,NDUFB4,PC-3
4711,1,PC-3  ,NDUFB5,PC-3
4712,1,PC-3  ,NDUFB6,PC-3
4713,1,PC-3  ,NDUFB7,PC-3
4714,1,PC-3  ,NDUFB8,PC-3
4715,1,PC-3  ,NDUFB9,PC-3
4716,1,PC-3  ,NDUFB10,PC-3
4717,1,PC-3  ,NDUFC1,PC-3
4718,1,PC-3  ,NDUFC2,PC-3
4719,1,PC-3  ,NDUFS1,PC-3
4720,1,PC-3  ,NDUFS2,PC-3
4722,1,PC-3  ,NDUFS3,PC-3
4723,1,PC-3  ,NDUFV1,PC-3
4724,1,PC-3  ,NDUFS4,PC-3
4725,1,PC-3  ,NDUFS5,PC-3
4726,1,PC-3  ,NDUFS6,PC-3
4728,1,PC-3  ,NDUFS8,PC-3
4729,1,PC-3  ,NDUFV2,PC-3
4731,1,PC-3  ,NDUFV3,PC-3
51079,1,PC-3  ,NDUFA13,PC-3
55967,1,PC-3  ,NDUFA12,PC-3
7991,1,PC-3  ,TUSC3,PC-3
80308,1,PC-3  ,FLAD1,PC-3
7358,1,PC-3  ,UGDH,PC-3
389015,1,PC-3  ,SLC9A4,PC-3
6553,1,PC-3  ,SLC9A5,PC-3
7298,0,PC-3  ,TYMS,PC-3
270,1,PC-3  ,AMPD1,PC-3
271,1,PC-3  ,AMPD2,PC-3
272,1,PC-3  ,AMPD3,PC-3
7108,0,PC-3  ,TM7SF2,PC-3
51181,0.999709275,PC-3  ,DCXR,PC-3
5009,1,PC-3  ,OTC,PC-3
9227,1,PC-3  ,LRAT,PC-3
6648,1,PC-3  ,SOD2,PC-3
95,1,PC-3  ,ACY1,PC-3
126792,1,PC-3  ,B3GALT6,PC-3
55586,0.999709275,PC-3  ,MIOX,PC-3
3706,1,PC-3  ,ITPKA,PC-3
3707,1,PC-3  ,ITPKB,PC-3
80271,1,PC-3  ,ITPKC,PC-3
2954,1,PC-3  ,GSTZ1,PC-3
9957,1,PC-3  ,HS3ST1,PC-3
132,1,PC-3  ,ADK,PC-3
3157,1,PC-3  ,HMGCS1,PC-3
5250,1,PC-3  ,SLC25A3,PC-3
2108,1,PC-3  ,ETFA,PC-3
2109,1,PC-3  ,ETFB,PC-3
4248,1,PC-3  ,MGAT3,PC-3
56922,0.995247769,PC-3  ,MCCC1,PC-3
64087,0.995247769,PC-3  ,MCCC2,PC-3